id,category,is_correct,prediction,correct_answer,search_query,source_references,reasoning,examples_used
0,Treatment,False,A,B,operative report,Operative report (https://en.wikipedia.org/wiki/Operative_report),"Reasoning: According to the Background Context provided, an operative report is a detailed document that must include all relevant information about the surgery, including any complications that occur during the procedure. This document serves as an essential tool for healthcare professionals and is used to ensure proper documentation and communication about the patient's care.

In this scenario, the resident has made a mistake by cutting a flexor tendon during a carpal tunnel repair. Although the attending physician believes that the patient will be fine and suggests not reporting this complication, the resident should not follow this advice. Here's why:

- **Option A: Disclose the error to the patient and put it in the operative report**
  - This is the correct action. The resident should report the complication to the patient and include it in the operative report. According to the Background Context, the operative report must document all significant events, including complications, to ensure proper patient care and accurate medical records.

- **Option B: Tell the attending that he cannot fail to disclose this mistake**
  - While this might be a good idea to ensure the attending understands the importance of reporting the complication, it does not address the immediate need to report the complication to the patient and include it in the operative report.

- **Option C: Report the physician to the ethics committee**
  - This is an extreme measure and not necessary in this situation. The resident should first try to address the issue through normal channels before escalating to an ethics committee.

- **Option D: Refuse to dictate the operative report**
  - Refusing to dictate the operative report would be inappropriate and could lead to legal and ethical issues. The resident should complete the report accurately and include the complication.

Answer: A",2143
1,Mechanism,False,C,D,sensorineural hearing loss,Sensorineural hearing loss (https://en.wikipedia.org/wiki/Sensorineural_hearing_loss),"Reasoning: 

The patient is a 67-year-old man who experienced a 2-day history of tinnitus after receiving neoadjuvant chemotherapy 1 week ago. Pure tone audiometry showed a sensorineural hearing loss of 45 dB. The context provided does not directly address the specific drugs used in neoadjuvant chemotherapy for bladder cancer. However, we can analyze the options given and their potential relevance to chemotherapy-induced hearing loss.

1. **Option A: Inhibition of proteasome**
   - Proteasome inhibitors are commonly used in chemotherapy regimens for various cancers, including bladder cancer. They work by inhibiting the proteasome, leading to the accumulation of ubiquitinated proteins and ultimately cell death. While they can cause side effects like hearing loss, this action is not directly related to the generation of free radicals or cross-linking of DNA.

2. **Option B: Hyperstabilization of microtubules**
   - Drugs that hyperstabilize microtubules, such as taxanes, are used in chemotherapy. These drugs prevent the depolymerization of microtubules, which is essential for cell division. This mechanism is not typically associated with direct damage to the cochlea or auditory nerve, making it less likely to be the cause of the patient's hearing loss.

3. **Option C: Generation of free radicals**
   - Free radicals can cause oxidative stress and damage to cellular components, including DNA and proteins. Some chemotherapeutic agents, such as cisplatin, generate free radicals as part of their mechanism of action. However, the generation of free radicals is more commonly associated with ototoxicity than the other options listed here.

4. **Option D: Cross-linking of DNA**
   - DNA cross-linking agents, such as those used in platinum-based chemotherapy (e.g., cisplatin), can cause interstrand and intrastrand DNA cross-links, leading to cell death. While these agents can cause ototoxicity, the primary mechanism of action is not cross-linking of DNA but rather the disruption of DNA replication and transcription.

Given the context of the patient's recent chemotherapy and the known side effects of certain chemotherapeutic agents, the most likely mechanism causing the patient's sensorineural hearing loss would be related to the generation of free radicals, which can lead to oxidative stress and subsequent damage to the cochlea and auditory nerve.

Answer: C",1973
2,Diagnosis,True,B,B,renal angiitis,Vasculitis (https://en.wikipedia.org/wiki/Vasculitis) | Renal papillary necrosis (https://en.wikipedia.org/wiki/Renal_papillary_necrosis),"Reasoning:
1. **Source Check**: The Background Context provided does not directly address the specific conditions of renal papillary necrosis, cholesterol embolization, eosinophilic granulomatosis with polyangiitis, or polyarteritis nodosa. However, the context about vasculitis and renal papillary necrosis can be used as a reference.

2. **Analysis**:
   - **Decreased Urinary Output**: This suggests acute kidney injury (AKI).
   - **Mottled, Reticulated Purplish Discoloration of the Feet**: This could indicate peripheral vascular disease or thromboembolic events.
   - **Laboratory Findings**: Elevated white blood cell count (16,400/mm³) with a high percentage of segmented neutrophils (56%) and a low percentage of lymphocytes (31%) suggest an inflammatory process. The erythrocyte sedimentation rate (ESR) of 68 mm/h is elevated, indicating inflammation.
   - **Renal Biopsy**: Intravascular spindle-shaped vacuoles are characteristic of cholesterol embolization.

3. **Evaluation**:
   - **Option A: Renal Papillary Necrosis**
     - Renal papillary necrosis typically presents with AKI and hematuria but does not usually present with the mottled skin discoloration seen here.
   - **Option B: Cholesterol Embolization**
     - Cholesterol embolization often presents with AKI and the classic triad of skin changes (mottling, cyanosis, and gangrene) in the lower extremities, which matches the patient's presentation.
   - **Option C: Eosinophilic Granulomatosis with Polyangiitis (EGPA)**
     - EGPA can cause AKI but is less likely to present with the specific skin changes described.
   - **Option D: Polyarteritis Nodosa**
     - Polyarteritis nodosa can cause AKI and systemic symptoms but does not typically present with the specific skin changes described.

4. **Conclusion**:
Given the patient's history of recent cardiac catheterization, the presence of mottled skin discoloration, and the renal biopsy findings consistent with cholesterol embolization, the most likely cause of the patient's symptoms is cholesterol embolization.

Answer: B",2284
3,Treatment,False,B,D,Left adnexal tenderness,Ectopic pregnancy (https://en.wikipedia.org/wiki/Ectopic_pregnancy),"Reasoning: 

1. **Source Check**: The provided background context does not directly address the specific scenario presented in the question. Therefore, we need to analyze the patient's symptoms and laboratory findings to determine the most likely pathogen.

2. **Analysis**: The patient presents with fever, chills, and left lower quadrant pain, indicating a potential infection. The blood cultures are most likely to show a pathogen responsible for sepsis given the patient's hypotension (80/50 mm Hg) and tachycardia (126/min). The presence of mucopurulent discharge from the cervical os and left adnexal tenderness suggests a pelvic infection, possibly involving the fallopis tubes or ovaries. The platelet count (14,200/mm³) is low, and the D-dimer level (965 ng/mL) is elevated, indicating disseminated intravascular coagulation (DIC), which can occur in severe infections or sepsis.

3. **Evaluation**:
   - **Option A**: Coagulase-positive, gram-positive cocci forming mauve-colored colonies on methicillin-containing agar. This is characteristic of Staphylococcus aureus. However, S. aureus typically does not form mauve-colored colonies on methicillin-containing agar, and it is less likely to cause DIC and septic shock in this context.
   
   - **Option B**: Encapsulated, gram-negative coccobacilli forming grey-colored colonies on charcoal blood agar. This describes Neisseria gonorrhoeae, which can cause pelvic inflammatory disease (PID) and septicemia. Given the patient's symptoms and the presence of mucopurulent discharge, this is a strong possibility. Neisseria gonorrhoeae can cause DIC and septic shock, especially if there is a concurrent bacterial infection.
   
   - **Option C**: Spore-forming, gram-positive bacilli forming yellow colonies on casein agar. This describes Clostridium species, which are known to produce toxins that can cause sepsis and DIC. However, the presence of mucopurulent discharge and the clinical presentation suggest a more likely source of infection in the genitourinary tract rather than a gastrointestinal source.
   
   - **Option D**: Lactose-fermenting, gram-negative rods forming pink colonies on MacConkey agar. This describes Escherichia coli, which can cause urinary tract infections and sepsis. However, the presence of mucopurulent discharge and the clinical presentation suggest a more likely source of infection in the genitourinary tract rather than a gastrointestinal source.

4. **Conclusion**: Based on the patient's symptoms, signs, and laboratory findings, the most likely pathogen causing the blood culture is Neisseria gonorrhoeae, which can lead to pelvic inflammatory disease and septicemia, resulting in DIC and septic shock.

Answer: B",2768
4,Treatment,True,B,B,Allergic Conjunctivitis,Allergic conjunctivitis (https://en.wikipedia.org/wiki/Allergic_conjunctivitis),"Reasoning: 

1. **Source Check**: The Background Context provided pertains to allergic conjunctivitis (AC), which describes symptoms such as itchy, watery eyes, redness, and swelling of the conjunctiva, often triggered by allergies. The patient's history of a similar episode around springtime and current symptoms align with allergic conjunctivitis.

2. **Analysis**: The patient presents with itchy, watery eyes, sneezing, and conjunctival injection, which are classic symptoms of allergic conjunctivitis. The context from Wikipedia indicates that these symptoms are due to the release of histamine and other active substances by mast cells, stimulated by allergens like hay fever.

3. **Evaluation**:
   - **Option A: Erythromycin ointment** - This is an antibiotic used to treat bacterial infections, not allergic reactions. Since the patient's symptoms suggest an allergic reaction rather than a bacterial infection, this option can be ruled out.
   - **Option B: Ketotifen eye drops** - Ketotifen is an antihistamine and mast cell stabilizer commonly used to treat allergic conjunctivitis. It helps reduce the symptoms by blocking histamine release and stabilizing mast cells, making it a suitable treatment for allergic conjunctivitis.
   - **Option C: Warm compresses** - While warm compresses can help with conditions like blepharitis, they do not address the allergic nature of the patient's symptoms and are not effective for allergic conjunctivitis.
   - **Option D: Fluorometholone eye drops** - Fluorometholone is a corticosteroid that can reduce inflammation but is typically reserved for more severe cases of allergic conjunctivitis or when other treatments fail. Given that the patient's symptoms are mild and there is no indication of severe inflammation, a corticosteroid would be an over-treatment and potentially unnecessary.

4. **Conclusion**: Based on the patient's symptoms and the options provided, the most appropriate treatment is **B: Ketotifen eye drops**, as it directly addresses the allergic nature of the conjunctivitis by blocking histamine release and stabilizing mast cells.

Answer: B",2047
5,Treatment,False,C,D,chest pain radiating to epigastric area,Diltiazem (https://en.wikipedia.org/wiki/Diltiazem) | Labetalol (https://en.wikipedia.org/wiki/Labetalol) | Chest pain (https://en.wikipedia.org/wiki/Chest_pain),"Reasoning:
1. **Patient Presentation**: The patient is a 39-year-old man presenting with progressively worsening chest pain and nausea that started 30 minutes ago at a local bar. The pain radiates to the epigastric area, and he has a history of untreated hypertension and recent cocaine abuse. He is diaphoretic and in marked distress.
2. **Analysis**:
   - **Chest Pain**: The patient's symptoms suggest a potential cardiac cause, particularly given the recent onset and radiation to the epigastric area, which can be indicative of angina or myocardial infarction (MI).
   - **History**: The patient has a history of untreated hypertension and recent cocaine use, both of which are risk factors for cardiovascular events.
   - **Physical Exam**: The patient is diaphoretic and in marked distress, which are signs of significant distress that could indicate a serious underlying condition.
3. **Evaluation**:
   - **Diltiazem (Option A)**: According to Source [Diltiazem], it is a calcium channel blocker used to treat high blood pressure, angina, and certain heart arrhythmias. While it can be used for angina, it is not typically the first-line agent in acute coronary syndrome (ACS) or MI.
   - **Labetalol (Option B)**: Labetalol is a non-selective alpha and beta-adrenergic receptor blocker used to treat high blood pressure. It can be used in acute coronary syndrome, but it is not typically the first-line agent in ACS or MI.
   - **Propranolol (Option C)**: Propranolol is a beta-blocker commonly used to manage angina, hypertension, and acute coronary syndrome. Given the patient's symptoms and history, propranolol would be a reasonable choice for managing suspected ACS or MI.
   - **Reassurance and Continuous Monitoring (Option D)**: While reassurance and continuous monitoring are important, they are not sufficient for immediate management of a patient with suspected ACS or MI.
4. **Conclusion**:
   - The patient's presentation and history strongly suggest a potential acute coronary syndrome or myocardial infarction. Propranolol (Option C) is the most appropriate initial treatment for suspected ACS or MI, as it can help reduce myocardial oxygen demand and improve outcomes.

Answer: C",2083
6,Diagnosis,False,B,C,renal artery stenosis,Renal artery stenosis (https://en.wikipedia.org/wiki/Renal_artery_stenosis) | Benign prostatic hyperplasia (https://en.wikipedia.org/wiki/Benign_prostatic_hyperplasia),"Reasoning: 

1. **Source Check**: The Background Context provided does not directly address the specific conditions of renal artery stenosis or benign prostatic hyperplasia in detail. However, it provides relevant information about the symptoms and diagnostic findings that can help us evaluate the options.

2. **Analysis**: The patient presents with right flank pain, abdominal tenderness, and dilation of the right ureter and renal pelvis on ultrasound. These findings suggest a blockage or obstruction in the urinary tract.

3. **Evaluation**:
   - **Option A: Renal artery stenosis**: While renal artery stenosis can lead to renovascular hypertension and chronic kidney disease, it typically does not cause dilation of the ureter and renal pelvis. The symptoms more commonly associated with RAS are renovascular hypertension and decreased kidney function rather than urinary tract obstruction.
   
   - **Option B: Benign prostatic hyperplasia (BPH)**: BPH primarily affects the lower urinary tract and can cause symptoms such as frequent urination, difficulty starting urination, weak stream, and loss of bladder control. It is less likely to cause dilation of the ureter and renal pelvis unless there is significant obstruction, which is not the primary presentation here.
   
   - **Option C: Common iliac artery aneurysm**: An aneurysm in the common iliac artery is not directly related to the urinary tract and would not typically present with right flank pain and ureteral dilation. This condition is more associated with abdominal or leg symptoms.
   
   - **Option D: Urethral stricture**: A urethral stricture can cause urinary obstruction but is less likely to cause dilation of the ureter and renal pelvis. The primary symptom would be difficulty in urination rather than flank pain and renal pelvis dilation.

4. **Conclusion**: Given the patient's symptoms of right flank pain, abdominal tenderness, and dilation of the right ureter and renal pelvis, the most likely underlying cause is a condition that obstructs the urinary tract. Among the given options, the condition that best fits this description is a ureteral obstruction, which could be due to a stone or other form of obstruction. However, since none of the options directly mention these, we need to choose the closest match based on the provided context.

Answer: **B: Benign prostatic hyperplasia**

While BPH is not the most likely cause based on the provided symptoms, it is the closest match among the given options. The other conditions are less likely to cause the specific combination of symptoms presented.",2297
7,Treatment,True,C,C,acute coronary syndrome,Nifedipine (https://en.wikipedia.org/wiki/Nifedipine) | Enoxaparin sodium (https://en.wikipedia.org/wiki/Enoxaparin_sodium) | Acute coronary syndrome (https://en.wikipedia.org/wiki/Acute_coronary_syndrome),"Reasoning:
1. **Source Check**: The background context provided does not directly contain information about the specific drugs listed in the options. However, we can use the clinical scenario and general knowledge to evaluate the options.

2. **Analysis**: The patient presents with acute chest pain, diaphoresis, tachycardia, and ST-segment depressions on ECG, along with elevated troponin levels, indicating acute coronary syndrome (ACS). The patient also had percutaneous transluminal coronary angioplasty (PTCA) and now has a left ventricular ejection fraction (LVEF) of 58% at discharge. This suggests that the patient is recovering but still requires ongoing management to prevent future events.

3. **Evaluation**:
   - **Option A: Nifedipine**
     - Nifedipine is a calcium channel blocker used to manage angina and hypertension. While it can help control blood pressure and relieve angina, it is not typically used as a primary antiplatelet agent or antithrombotic agent in ACS.
   
   - **Option B: Enoxaparin**
     - Enoxaparin is an anticoagulant used to prevent and treat deep vein thrombosis and pulmonary embolism. It is not indicated for the primary management of ACS, which involves antiplatelet therapy and antithrombotic agents.
   
   - **Option C: Clopidogrel**
     - Clopidogrel is an antiplatelet agent commonly used in conjunction with aspirin to reduce the risk of thrombotic events in patients with ACS. It helps prevent platelet aggregation and reduces the risk of further ischemic events.
   
   - **Option D: Spironolactone**
     - Spironolactone is a potassium-sparing diuretic and aldosterone antagonist. It is used to manage hypertension and heart failure but is not indicated for the primary management of ACS.

4. **Conclusion**: Based on the patient's presentation and the need for long-term prevention of thrombotic events, the best choice would be an antiplatelet agent like clopidogrel.

Answer: C",1778
8,Diagnosis,True,B,B,past medical history of pelvic inflammatory disease,Pelvic inflammatory disease (https://en.wikipedia.org/wiki/Pelvic_inflammatory_disease),"Reasoning: 
1. **Source Check**: According to Source [Pelvic inflammatory disease], pelvic inflammatory disease (PID) is an infection of the upper part of the female reproductive system, including the uterus, fallopian tubes, and ovaries. It can lead to long-term complications such as infertility, chronic pelvic pain, and ectopic pregnancy. The context provided does not directly address the specific conditions listed in the options, but it does highlight the importance of ruling out active or recurrent PID before placing an IUD.

2. **Analysis**: The patient in question is seeking a change in birth control method from oral contraceptive pills (OCPs) to an intrauterine device (IUD). There are no symptoms or signs of infection mentioned in the patient's history, and her physical examination is within normal limits. However, we need to evaluate each option to determine if it makes copper IUD placement contraindicated.

3. **Evaluation**:
   - **Option A: A history of stroke or venous thromboembolism**
     - While stroke or venous thromboembolism (VTE) are important considerations for certain types of hormonal contraceptives, they do not directly contraindicate the use of a copper IUD. Copper IUDs do not contain hormones and are not associated with these risks.
   
   - **Option B: Active or recurrent pelvic inflammatory disease (PID)**
     - According to the background context, PID can lead to serious complications if left untreated, including chronic pelvic pain and infertility. Placing an IUD in a patient with active or recurrent PID could potentially spread the infection or cause further complications. Therefore, this condition would make copper IUD placement contraindicated.
   
   - **Option C: Past medical history of breast cancer**
     - Breast cancer itself does not contraindicate the use of a copper IUD. The decision to place an IUD in a patient with a history of breast cancer would depend on other factors such as the type of breast cancer and treatment received.
   
   - **Option D: Known liver neoplasm**
     - A known liver neoplasm does not directly contraindicate the use of a copper IUD. However, if the neoplasm is causing significant liver dysfunction or if the patient is receiving treatment that could affect coagulation, additional considerations might be necessary, but it is not an absolute contraindication for the IUD.

4. **Conclusion**: Based on the information provided and the potential complications associated with PID, the best answer is:

Answer: B (Active or recurrent pelvic inflammatory disease (PID))",2060
9,Diagnosis,False,B,A,ingrown nails,Ingrown nail (https://en.wikipedia.org/wiki/Ingrown_nail),"Reasoning: The patient is a 23-year-old woman who is embarrassed about the appearance of her nails. Given the context provided about ingrown nails, we should first consider whether the patient might have an ingrown nail. However, the question specifically asks for additional findings that are most likely in this patient, and the background context focuses on the causes of ingrown nails rather than other nail conditions.

Let's evaluate each option:

A: Silvery plaques on extensor surfaces - This finding is more characteristic of psoriasis, a chronic inflammatory skin condition. While psoriasis can affect the nails, it is not directly related to ingrown nails.

B: Flesh-colored papules in the lumbosacral region - This finding could suggest a condition such as seborrheic keratosis or other benign skin growths. However, there is no direct link to ingrown nails, and this finding would be more specific to dermatological conditions affecting the skin rather than nail conditions.

C: Erosions of the dental enamel - Dental issues such as erosion of the dental enamel are unrelated to nail conditions and would not be expected in a patient presenting with concerns about nail appearance.

D: Holosystolic murmur at the left lower sternal border - This finding suggests a heart-related issue, specifically a heart murmur. While heart murmurs can be present in various cardiac conditions, they are not directly related to nail conditions and would not be expected in a patient presenting with concerns about nail appearance.

Given the context provided about ingrown nails and the options given, none of the options directly relate to ingrown nails. However, since the question asks for an additional finding that is most likely in this patient, and considering the context provided, the most plausible additional finding among the given options would be something dermatological or skin-related, which is not directly linked to ingrown nails.

Answer: None of the provided options are directly related to ingrown nails. However, if forced to choose the least implausible option, B (flesh-colored papules in the lumbosacral region) is the closest, as it represents a dermatological finding that could be present in a patient without being directly related to nail conditions.",1297
10,Diagnosis,True,D,D,HIV confirmatory test,Diagnosis of HIV/AIDS (https://en.wikipedia.org/wiki/Diagnosis_of_HIV/AIDS),"Reasoning: 

1. **Source Check**: The background context provided is about the diagnosis of HIV/AIDS and mentions the use of various tests such as antibody, antigen, or RNA detection. However, it does not provide information about confirmatory tests for HIV. Therefore, we need to rely on general knowledge about HIV testing.

2. **Analysis**: The patient is a 24-year-old woman at 39 weeks' gestation presenting with signs of latent labor. She has had little prenatal care and uses condoms inconsistently, which increases the risk of sexually transmitted infections. Given her inconsistent condom use and unknown sexual health status, there is a possibility of HIV infection. The administration of zidovudine during delivery and to the infant suggests a concern for potential HIV transmission.

3. **Evaluation**:
   - **Option A: It is a Southwestern blot, identifying the presence of DNA-binding proteins**
     - This is not a standard HIV test. A Southwestern blot is typically used to detect specific DNA sequences in a sample.
   
   - **Option B: It is a Northern blot, identifying the presence of RNA**
     - This is also not a standard HIV test. A Northern blot is used to detect RNA sequences but is not used for HIV diagnosis.
   
   - **Option C: It is a Northern blot, identifying the presence of DNA**
     - This is incorrect because Northern blots are used for RNA, not DNA.
   
   - **Option D: It is an HIV-1/HIV2 antibody differentiation immunoassay**
     - This is the correct option. An HIV-1/HIV2 antibody differentiation immunoassay is a common confirmatory test used to identify the presence of HIV antibodies in the blood. It can differentiate between HIV-1 and HIV-2 antibodies, which is crucial for accurate diagnosis.

4. **Conclusion**: Based on the analysis and evaluation of the options, the most accurate confirmatory test for HIV is an HIV-1/HIV2 antibody differentiation immunoassay.

Answer: D",2309
11,Diagnosis,True,D,D,Myelofibrosis,Primary myelofibrosis (https://en.wikipedia.org/wiki/Primary_myelofibrosis) | Cladribine (https://en.wikipedia.org/wiki/Cladribine) | Prednisone (https://en.wikipedia.org/wiki/Prednisone),"Reasoning:
1. **Source Check**: The background context provided does not directly mention primary myelofibrosis (PMF), cladribine, prednisone, imatinib, or ruxolitinib. However, it provides information about PMF, which is relevant to the patient's condition.

2. **Analysis**: The patient presents with significant weight loss, fatigue, night sweats, and worsening abdominal pain, along with a palpable enlarged spleen. His hemoglobin level is very low at 6.4 g/dL, indicating severe anemia. The blood smear shows extensive fibrosis and a few scattered plasma cells, and the JAK2 assay is positive. These findings are consistent with primary myelofibrosis (PMF).

3. **Evaluation**:
   - **Option A: Cladribine**
     - Cladribine is used to treat hairy cell leukemia and B-cell chronic lymphocytic leukemia. There is no indication that the patient has either of these conditions, so this is not an appropriate choice.
   
   - **Option B: Prednisone**
     - Prednisone is a glucocorticoid used to suppress the immune system and reduce inflammation. While it can be used in various conditions, it is not typically the first-line treatment for PMF. Additionally, the patient's extensive fibrosis and low hemoglobin level suggest a need for more targeted therapy.
   
   - **Option C: Imatinib**
     - Imatinib is used to treat certain types of leukemia, particularly those involving the BCR-ABL fusion gene. There is no indication that the patient has such a specific genetic abnormality, making this an inappropriate choice.
   
   - **Option D: Ruxolitinib**
     - Ruxolitinib is a JAK inhibitor used to treat myelofibrosis. Given that the patient has a positive JAK2 assay and the clinical presentation consistent with PMF, ruxolitinib is the most appropriate next step in management.

4. **Conclusion**: Based on the patient's clinical presentation and laboratory findings, the most appropriate next step in management is ruxolitinib.

Answer: D",2301
12,Diagnosis,True,B,B,Neurofibromatosis type 2,Neurofibromatosis type II (https://en.wikipedia.org/wiki/Neurofibromatosis_type_II) | Meningioma (https://en.wikipedia.org/wiki/Meningioma) | Renal cell carcinoma (https://en.wikipedia.org/wiki/Renal_cell_carcinoma),"Reasoning:
1. **Source Check**: According to the Background Context provided, Neurofibromatosis type II (NF2) is characterized by the development of bilateral benign brain tumors in the nerve sheath of the cranial nerve VIII, which is the auditory-vestibular nerve. Additionally, the context mentions that NF2 is associated with mutations in a tumor suppressor gene on chromosome 22 that encodes merlin. The patient described in the question matches these characteristics, as he presents with bilateral hearing loss and gait unsteadiness, and has a mutation in a tumor suppressor gene on chromosome 22.

2. **Analysis**: The patient's symptoms of worsening gait unsteadiness and bilateral hearing loss are consistent with NF2. The genetic evaluation showing a mutation in a tumor suppressor gene on chromosome 22 further supports this diagnosis.

3. **Evaluation**:
   - **Option A: Renal cell carcinoma**: This is a type of kidney cancer and is not related to NF2 or the patient's symptoms. There is no indication of kidney involvement or renal issues in the patient's presentation.
   - **Option B: Meningioma**: While meningiomas can occur in NF2 patients, they are not the primary or most characteristic tumors associated with NF2. The context specifically mentions that NF2 is associated with bilateral vestibular schwannomas (also known as acoustic neuromas), which are tumors of the auditory-vestibular nerve.
   - **Option C: Astrocytoma**: Astrocytomas are gliomas that originate from astrocytes, a type of glial cell in the brain. While they can occur in NF2 patients, they are not the primary or most characteristic tumors associated with NF2. The context does not suggest that astrocytomas are the primary concern in this case.
   - **Option D: Vascular malformations**: Vascular malformations are not typically associated with NF2. The context does not indicate any vascular issues in the patient's presentation.

4. **Conclusion**: Given the patient's symptoms and genetic findings, the most likely condition the patient is at increased risk for is a tumor characteristic of NF2, which is a vestibular schwannoma (acoustic neuroma).

Answer: B (Meningioma, although not the primary tumor, is still a potential risk in NF2 patients, but the most characteristic and relevant tumor in this context would be a vestibular schwannoma, which is not listed as an option here.)",1790
13,Mechanism,True,D,D,mid-systolic click,Mitral valve prolapse (https://en.wikipedia.org/wiki/Mitral_valve_prolapse),"Reasoning: 
- The patient in question presents with a mid-systolic murmur that radiates to the carotids on auscultation when standing from a supine position. This clinical presentation is characteristic of a mid-systolic click and murmur, which are hallmarks of mitral valve prolapse (MVP).
- According to Source [Mitral valve prolapse], MVP is characterized by the displacement of an abnormally thickened mitral valve leaflet into the left atrium during systole. This displacement can lead to a mid-systolic click and a mid-systolic murmur, which may become more prominent with certain maneuvers, such as standing from a supine position.
- Let's evaluate each option:
  - Option A: An increase in right atrial pressure. This is unlikely because the murmur and click are associated with left-sided heart pathology (mitral valve), not right-sided heart issues.
  - Option B: An increase in pulmonary capillary wedge pressure. This is also unlikely as the murmur is not indicative of left ventricular outflow tract obstruction or other conditions that would affect pulmonary pressures.
  - Option C: A reduction in the slope of the pacemaker potential. This is unrelated to the physical findings described and does not explain the change in the murmur upon standing.
  - Option D: A reduction in diastolic filling time. When a patient stands from a supine position, there is a redistribution of blood from the lower extremities to the thoracic cavity, which can reduce venous return to the right side of the heart and subsequently reduce left atrial pressure. This reduction in left atrial pressure can lead to a reduction in the diastolic filling time, potentially making the mid-systolic click and murmur more prominent due to the increased left atrial pressure during systole.

Answer: D",1303
14,Mechanism,False,B,C,Recombination,HIV (https://en.wikipedia.org/wiki/HIV) | Epstein–Barr virus (https://en.wikipedia.org/wiki/Epstein%E2%80%93Barr_virus),"Reasoning: The question describes a process where a host cell is co-infected with two viruses from the same family, leading to the production of various genome segments from both viruses. These segments are then packaged into a new, unique virus particle that is stable and viable. This process is known as genetic reassortment, where genome segments from different viral strains are mixed during co-infection.

Let's analyze each option:

A: Epstein-Barr virus (EBV)
- According to the provided context, EBV is a double-stranded DNA virus that establishes a permanent infection in human B cells. It is not known for genetic reassortment involving the mixing of genome segments from different viral strains during co-infection. Therefore, EBV is unlikely to undergo the described process.

B: Human Immunodeficiency Virus (HIV)
- HIV is a retrovirus belonging to the Lentivirus subgroup. It is known to undergo genetic reassortment, particularly through recombination events where parts of the viral genome from different HIV strains can mix during co-infection. This process can lead to the creation of new viral strains with unique properties. Therefore, HIV is a candidate for the described process.

C: Rotavirus
- Rotavirus is a double-stranded RNA virus that primarily causes gastroenteritis. There is no information suggesting that rotavirus undergoes genetic reassortment involving the mixing of genome segments from different viral strains during co-infection. Thus, rotavirus is unlikely to undergo the described process.

D: Vaccinia virus
- Vaccinia virus is a member of the poxvirus family and is used as a vaccine against smallpox. Poxviruses do not typically undergo genetic reassortment involving the mixing of genome segments from different viral strains during co-infection. Therefore, vaccinia virus is unlikely to undergo the described process.

Conclusion: Based on the analysis, the virus capable of undergoing the described process is Human Immunodeficiency Virus (HIV).

Answer: B",1534
15,Diagnosis,True,B,B,cholelithiasis,Cholecystitis (https://en.wikipedia.org/wiki/Cholecystitis) | Gallstone (https://en.wikipedia.org/wiki/Gallstone) | Gallbladder cancer (https://en.wikipedia.org/wiki/Gallbladder_cancer),"Reasoning:
1. **Source Check**: The Background Context provides information about cholecystitis, gallstones, gallbladder cancer, and other related conditions. However, none of these sources directly state which diagnosis should be excluded first based on the given symptoms and imaging findings. Therefore, we need to analyze the patient's symptoms and the imaging results to make an informed decision.

2. **Analysis**: The patient is a 59-year-old overweight woman presenting with severe abdominal pain, dull back pain, nausea, and vomiting. Her past medical history includes recurrent abdominal pain due to cholelithiasis. A CT scan shows a calcified mass near her gallbladder. Given these symptoms and imaging findings, let's evaluate each option:

   - **Option A: Acute cholecystitis**
     - According to the Background Context, cholecystitis is characterized by right upper abdominal pain, pain in the right shoulder, nausea, vomiting, and occasionally fever. The patient's symptoms align well with these characteristics, especially the severe abdominal pain and nausea/vomiting. Additionally, the presence of a gallbladder mass could indicate cholecystitis if it is causing obstruction.
   
   - **Option B: Gallbladder cancer**
     - Gallbladder cancer can present with vague abdominal pain, weight loss, jaundice, and other gastrointestinal symptoms. However, the presence of a calcified mass near the gallbladder is more indicative of a benign condition like cholelithiasis rather than cancer, especially without additional signs of malignancy such as jaundice or significant weight loss.
   
   - **Option C: Choledocholithiasis**
     - Choledocholithiasis involves gallstones in the bile ducts, which can cause severe pain, jaundice, and other symptoms. The presence of a gallbladder mass could suggest the possibility of gallstones migrating into the bile duct, but the calcified nature of the mass makes this less likely compared to other options.
   
   - **Option D: Pancreatitis**
     - Pancreatitis typically presents with epigastric or left upper quadrant pain radiating to the back, often with nausea and vomiting. While the patient does have back pain, the location of the pain and the presence of a gallbladder mass make pancreatitis less likely compared to cholecystitis or gallbladder cancer.

3. **Evaluation**:
   - **Acute cholecystitis** is the most likely diagnosis given the patient's history of recurrent abdominal pain and the presence of a gallbladder mass, which could be causing obstruction.
   - **Gallbladder cancer** is less likely given the absence of other signs of malignancy and the presence of a calcified mass, which is more consistent with a benign condition.
   - **Choledocholithiasis** is possible but less likely given the calcified nature of the mass, which suggests a more static condition rather than a mobile gallstone.
   - **Pancreatitis** is less likely given the patient's symptoms and the presence of a gallbladder mass.

4. **Conclusion**: Based on the patient's symptoms and the imaging findings, the most likely diagnosis is acute cholecystitis, followed by the possibility of gallbladder cancer. However, gallbladder cancer should be excluded first because it is a relatively uncommon diagnosis and the presence of a calcified mass is more indicative of a benign condition.

Answer: B (Gallbladder cancer)",1991
16,Mechanism,False,C,D,IgE antibodies,Immunoglobulin E (https://en.wikipedia.org/wiki/Immunoglobulin_E),"Reasoning: 
1. **Source Check**: The background context provided does not directly mention any specific mediators related to asthma or IgE. Therefore, we need to analyze the patient's symptoms and evaluate each option based on our knowledge of asthma and its triggers.

2. **Analysis**: The patient's symptoms are more prominent in springtime, especially when new flowers are blooming, indicating a seasonal allergic reaction. This suggests an allergic trigger, such as pollen, which is a common allergen for asthma. The patient's mother has a backyard garden, and the child experiences chest tightness and shortness of breath when going out to play there, further supporting an allergic trigger.

3. **Evaluation**:
   - **Option A: IL-2**
     - IL-2 is a cytokine involved in T-cell activation and proliferation. It is not typically associated with allergic responses or asthma.
   
   - **Option B: IL-10**
     - IL-10 is an anti-inflammatory cytokine that inhibits the production of pro-inflammatory cytokines. While it can modulate immune responses, it is not specifically linked to the class switching of antibodies or the allergic response in asthma.
   
   - **Option C: IL-13**
     - IL-13 is a cytokine that plays a significant role in allergic inflammation. It promotes the class switching of B cells to produce IgE, which is a key mediator in allergic reactions and asthma. The experimental therapy mentioned in the question aims to reduce the exaggerated response during asthmatic attacks, which aligns with the function of IL-13.
   
   - **Option D: IL-4**
     - IL-4 is another cytokine that promotes the class switching of B cells to produce IgE, similar to IL-13. It is a key mediator in allergic responses and asthma. Given the context of the experimental therapy targeting the class switching of antibodies, IL-4 is a strong candidate.

4. **Conclusion**: Both IL-13 and IL-4 are involved in the class switching of antibodies and allergic responses. However, the experimental therapy is specifically aimed at reducing the exaggerated response during asthmatic attacks, which is more closely aligned with the function of IL-13 in promoting allergic inflammation and class switching of B cells to produce IgE.

Answer: C",2362
17,Mechanism,True,D,D,Brief resolved unexplained event,Brief resolved unexplained event (https://en.wikipedia.org/wiki/Brief_resolved_unexplained_event),"Reasoning: The context provided does not contain specific information about the methods used to control confounding bias in the study. Therefore, we need to analyze the options based on their definitions and how they apply to the scenario described.

1. **Blinding**: This method involves keeping certain aspects of the study hidden from participants to reduce bias. In this case, blinding would not directly address the issue of matching or controlling for confounding variables like feeding problems and recent upper respiratory infections.

2. **Restriction**: This method involves limiting the study population to those who meet certain criteria. While it can help control for confounding variables, it does not directly describe the process used in the given scenario where the researcher matched cases and controls based on specific characteristics.

3. **Randomization**: This method involves randomly assigning participants to different groups to ensure that any differences between groups are due to chance rather than systematic biases. However, randomization is not mentioned in the context, and the study design described does not indicate random assignment.

4. **Matching**: This method involves pairing participants in the study so that they are similar in terms of certain characteristics (e.g., age, socioeconomic background, family history of medical illness) before comparing them. The context mentions that the pediatrician recruited 75 infants with BRUE and 75 without BRUE, matching them on age, socioeconomic background, and family history of medical illness. This indicates that matching was used to control for these confounding variables.

Answer: D",2191
18,Treatment,True,B,B,Angina Pectoris,Angina (https://en.wikipedia.org/wiki/Angina),"Reasoning:
1. **Source Check**: The background context provided does not directly address the specific scenario presented in the question. However, it provides general information about angina, which is relevant to the patient's presentation.

2. **Analysis**: The patient is a 29-year-old male presenting with central chest pain that is sharp, severe, constant, and unrelated to exertion. The pain worsens when lying down and improves with leaning forward, and it radiates to the shoulders and neck. These symptoms are consistent with acute pericarditis, particularly given the presence of a friction rub (scratchy sound heard at end-expiration with the patient leaning forward) on physical examination. The ECG may show nonspecific changes, but the key finding is the characteristic physical sign of a friction rub, which is highly indicative of pericarditis.

3. **Evaluation**:
   - **Option A: Indomethacin +/- omeprazole**
     - Indomethacin is a nonsteroidal anti-inflammatory drug (NSAID) that can be used to treat pericarditis. Omeprazole is a proton pump inhibitor (PPI) used to reduce acid production, which might be considered if there is concern about peptic ulcer disease or gastritis. However, NSAIDs are generally preferred for pericarditis unless there are contraindications.
   - **Option B: Ibuprofen + colchicine +/- omeprazole**
     - Ibuprofen is another NSAID that can be used for pericarditis. Colchicine is an anti-inflammatory agent often used for recurrent pericarditis. Given the patient's young age and no history of recurrent episodes, colchicine is not necessary. Omeprazole can still be added if there is concern about acid-related issues.
   - **Option C: Pericardiocentesis**
     - Pericardiocentesis is the surgical removal of fluid from the pericardium. This procedure is indicated in cases of large pericardial effusion causing tamponade or severe symptoms. The patient does not have signs of tamponade (e.g., muffled heart sounds, jugular venous distension, hypotension), so this option is not appropriate.
   - **Option D: Pericardiectomy**
     - Pericardiectomy involves surgically removing the pericardium. This is an extreme measure and is not indicated for the initial management of pericarditis in a young, otherwise healthy individual without signs of tamponade.

4. **Conclusion**: Based on the patient's presentation and the options provided, the optimal therapy for this patient would be an NSAID like ibuprofen, which is effective for treating pericarditis. Colchicine is not necessary for a first episode of pericarditis in a young patient without a history of recurrent episodes.

Answer: B",1572
19,Diagnosis,False,B,D,Alcohol withdrawal,Hypoglycemia (https://en.wikipedia.org/wiki/Hypoglycemia) | Alcohol withdrawal syndrome (https://en.wikipedia.org/wiki/Alcohol_withdrawal_syndrome) | Alcohol intoxication (https://en.wikipedia.org/wiki/Alcohol_intoxication),"Reasoning: Let's analyze the patient's symptoms step-by-step and evaluate each option.

1. **Patient's Symptoms**:
   - Altered mental status (somnolent but responsive when aroused)
   - Alcoholic smell
   - Slurred speech
   - Diminished deep tendon reflexes bilaterally
   - Ataxic gait
   - Normal pupils
   - Blood alcohol concentration (BAC) of 0.04%
   - No abnormalities on ECG

2. **Option Analysis**:
   - **A: Hypoglycemia**
     - Hypoglycemia is characterized by symptoms like headache, tiredness, clumsiness, trouble talking, confusion, fast heart rate, sweating, shakiness, nervousness, hunger, and loss of consciousness.
     - The patient's symptoms do not align with hypoglycemia. There is no mention of sweating, shakiness, or confusion, and the BAC is within normal limits.
     - Conclusion: This is unlikely to be the cause.

   - **B: Ethanol Intoxication**
     - Ethanol intoxication is characterized by symptoms such as altered mental status, slurred speech, ataxia, and a characteristic alcoholic odor.
     - The patient's symptoms (altered mental status, slurred speech, ataxia, and alcoholic smell) are consistent with ethanol intoxication.
     - The BAC of 0.04% is within the range of mild intoxication, which can cause these symptoms.
     - Conclusion: This is a strong candidate for the cause.

   - **C: Cannabis Intoxication**
     - Cannabis intoxication can cause altered mental status, but it typically does not cause ataxia, diminished deep tendon reflexes, or a characteristic alcoholic smell.
     - The patient's symptoms do not align with cannabis intoxication.
     - Conclusion: This is unlikely to be the cause.

   - **D: Benzodiazepine Intoxication**
     - Benzodiazepine intoxication can cause sedation, confusion, and ataxia, but it usually does not cause a characteristic alcoholic smell or diminished deep tendon reflexes.
     - The patient's symptoms do not align with benzodiazepine intoxication.
     - Conclusion: This is unlikely to be the cause.

3. **Conclusion**:
   - The patient's symptoms (altered mental status, slurred speech, ataxia, and alcoholic smell) are most consistent with ethanol intoxication.
   - The BAC of 0.04% indicates mild intoxication, which can cause these symptoms.

Answer: B",2144
20,Mechanism,False,D,C,non-Hodgkin’s lymphoma (NHL)-diffuse large B cell variant,Hodgkin lymphoma (https://en.wikipedia.org/wiki/Hodgkin_lymphoma),"Reasoning: 

1. **Source Check**: The Background Context provided does not directly address the specific risk factors for non-Hodgkin's lymphoma (NHL), particularly the diffuse large B-cell variant. However, we can use the information given about the patient's history and symptoms to analyze the options.

2. **Analysis**: The patient presents with fever, malaise, night sweats, and an enlarged axillary lymph node mass. These symptoms are consistent with advanced-stage lymphoma. The fine-needle aspiration findings suggest a centroblastic and immunoblastic cell presence, which is characteristic of a diffuse large B-cell lymphoma (DLBCL).

3. **Evaluation**:
   - **Option A: Travel to Africa**: While travel to endemic areas can increase the risk of certain infectious diseases that might lead to lymphoproliferative disorders, it is not a direct risk factor for DLBCL. The patient's history of extensive travel to Africa does not specifically indicate a higher risk for this particular type of NHL.
   
   - **Option B: Axillary lymph node involvement**: Axillary lymph node involvement is a common presentation of lymphoma, but it is a symptom rather than a risk factor. It is more indicative of the disease rather than contributing to its development.
   
   - **Option C: Previous radiation therapy**: Radiation therapy is often used to treat breast cancer and can potentially cause secondary malignancies, including lymphomas. However, the timing of the radiation therapy (in the 60s) and the current presentation of lymphoma (in the 70s) suggest that the radiation therapy is not the primary risk factor for the current lymphoma.
   
   - **Option D: Previous breast cancer**: Breast cancer, especially when treated with radiation and chemotherapy, can increase the risk of developing secondary lymphomas. This is because these treatments can disrupt the immune system and increase the likelihood of developing lymphoproliferative disorders. The patient's history of breast cancer and subsequent treatment with radiation and chemotherapy makes her more susceptible to developing lymphoma later in life.

4. **Conclusion**: Given the patient's history of breast cancer and the fact that she received radiation and chemotherapy, the most likely risk factor for her current condition is previous breast cancer.

Answer: D",2131
21,Mechanism,True,A,A,Patent ductus arteriosus,DiGeorge syndrome (https://en.wikipedia.org/wiki/DiGeorge_syndrome) | Patent ductus arteriosus (https://en.wikipedia.org/wiki/Patent_ductus_arteriosus),"Reasoning: Let's analyze the patient's symptoms and evaluate each option step-by-step.

1. **Patient's Symptoms**:
   - Coughing and difficulty breathing during feeding
   - Less energy compared to other babies
   - Appears listless throughout the day
   - High-pitched holosystolic murmur heard at the lower left sternal border

2. **Option Analysis**:
   - **A: 22q11 deletion (DiGeorge syndrome)**:
     - According to Source [DiGeorge syndrome], patients often present with congenital heart problems, including patent ductus arteriosus (PDA), which can lead to symptoms like those described (difficulty breathing, listlessness, and a heart murmur).
     - The presence of a high-pitched holosystolic murmur at the lower left sternal border is consistent with a PDA, which is a common finding in DiGeorge syndrome.
   
   - **B: Deletion of genes on chromosome 7**:
     - There is no direct association between a deletion on chromosome 7 and the symptoms presented in this case. The symptoms are more indicative of a congenital heart defect rather than a chromosomal deletion on chromosome 7.
   
   - **C: Lithium exposure in utero**:
     - Lithium exposure in utero is not commonly linked to the symptoms described. Congenital heart defects and respiratory issues are not typical outcomes of in-utero lithium exposure.
   
   - **D: Maternal alcohol consumption**:
     - While maternal alcohol consumption can lead to fetal alcohol spectrum disorders (FASD), these typically present with distinct facial features, growth retardation, and cognitive deficits, which are not the primary presenting symptoms in this case.

3. **Conclusion**:
   Given the patient's symptoms and the presence of a high-pitched holosystolic murmur, the most likely cause of these symptoms is associated with a congenital heart defect, specifically a patent ductus arteriosus (PDA), which is commonly found in DiGeorge syndrome.

Answer: A",2601
22,Diagnosis,True,C,C,Dimorphic fungus,Pneumocystis pneumonia (https://en.wikipedia.org/wiki/Pneumocystis_pneumonia) | Dimorphic fungus (https://en.wikipedia.org/wiki/Dimorphic_fungus),"Reasoning:
1. **Source Check**: The ""Background Context"" mentions dimorphic fungi, specifically Talaromyces marneffei, which can cause lung infections in immunocompromised individuals. Additionally, it provides information on Pneumocystis pneumonia, but there is no specific mention of the other options (Legionella pneumophila, Histoplasma capsulatum, or Blastomyces dermatitidis) in the given context. Therefore, we will rely on the patient's symptoms and the laboratory findings to determine the most likely cause.

2. **Analysis**:
   - **Dry cough, chest discomfort, fever, chills, headaches, muscle aches, and joint pain**: These symptoms suggest an infectious process, possibly involving the respiratory system.
   - **Ten days ago, she was hiking in Mississippi**: This suggests exposure to environmental pathogens common in that region.
   - **Bronchoalveolar lavage using silver/PAS-staining shows macrophages filled with a dimorphic fungus with septate hyphae**: This finding is highly specific for a dimorphic fungal infection.
   
3. **Evaluation**:
   - **Option A: Legionella pneumophila infection**: Legionella typically causes a more acute presentation with fever, cough, and sometimes gastrointestinal symptoms, but it does not usually present with a dimorphic fungal appearance in bronchoalveolar lavage.
   - **Option B: Pneumocystis pneumonia**: While Pneumocystis pneumonia can cause a dry cough and chest discomfort, it is not associated with a dimorphic fungal appearance in bronchoalveolar lavage.
   - **Option C: Histoplasma capsulatum infection**: Histoplasmosis can cause pulmonary symptoms and is known to be a dimorphic fungus, but the presence of septate hyphae in the bronchoalveolar lavage is more characteristic of Talaromyces marneffei.
   - **Option D: Blastomyces dermatitidis infection**: Blastomycosis can cause pulmonary symptoms and is another dimorphic fungus, but it is less commonly associated with the specific findings of a dimorphic fungal appearance in bronchoalveolar lavage compared to Talaromyces marneffei.

4. **Conclusion**:
Given the patient's recent travel history, the presence of a dimorphic fungal appearance in the bronchoalveolar lavage, and the absence of other specific findings for the other options, the most likely cause of the patient's symptoms is a dimorphic fungal infection, specifically Talaromyces marneffei.

Answer: C",2430
23,Mechanism,False,A,D,Pneumonia,Pneumonia (https://en.wikipedia.org/wiki/Pneumonia) | Streptococcus pneumoniae (https://en.wikipedia.org/wiki/Streptococcus_pneumoniae) | Mycobacterium tuberculosis (https://en.wikipedia.org/wiki/Mycobacterium_tuberculosis),"Reasoning: 
1. **Source Check**: The Background Context provides information on Streptococcus pneumoniae, Mycobacterium tuberculosis, and other relevant details. However, none of these sources directly address the specific scenario presented in the question. Therefore, we will rely on the clinical presentation and laboratory findings to make our best assessment.

2. **Analysis**:
   - **Patient Presentation**: The patient is a 62-year-old who developed a fever and purulent cough one week after being hospitalized for a stroke. Physical examination revealed basal crackles on the right side of the chest, and chest radiography showed a new consolidation on the same side.
   - **Vitals**: The patient's temperature is elevated at 38.4°C (101.1°F), indicating a fever. The heart rate and blood pressure are within normal limits.
   - **Laboratory Findings**: The leukocyte count is 8,900/mm³ with neutrophils at 72%, bands at 4%, and lymphocytes at 17%. These findings suggest a bacterial infection, as neutrophils are the predominant white blood cells in response to bacterial infections, and the presence of bands indicates a recent increase in neutrophil production.

3. **Evaluation**:
   - **Option A: Streptococcus pneumoniae**
     - **Support**: Streptococcus pneumoniae is a common cause of community-acquired pneumonia and can present with fever, purulent cough, and consolidation on chest X-ray. The presence of basal crackles and new consolidation on chest radiography aligns with this diagnosis.
     - **Against**: There is no specific mention of Streptococcus pneumoniae in the context, but the clinical presentation fits well with this organism.
   
   - **Option B: Mycobacterium tuberculosis**
     - **Support**: While Mycobacterium tuberculosis can cause pneumonia, it typically presents more insidiously over weeks to months, often without a sudden onset of symptoms like fever and purulent cough. Additionally, tuberculosis usually presents with more generalized symptoms and less acute changes on chest X-ray.
     - **Against**: The rapid onset of symptoms and the presence of consolidation on chest X-ray are not typical for tuberculosis.
   
   - **Option C: Haemophilus influenzae**
     - **Support**: Haemophilus influenzae can cause pneumonia, particularly in immunocompromised patients or those with underlying conditions like stroke. It can present with fever, cough, and consolidation on chest X-ray.
     - **Against**: Haemophilus influenzae is less common than Streptococcus pneumoniae in adults and is more frequently associated with otitis media and sinusitis rather than pneumonia.
   
   - **Option D: Staphylococcus aureus**
     - **Support**: Staphylococcus aureus can cause pneumonia, especially in immunocompromised patients. It can present with fever, purulent cough, and consolidation on chest X-ray.
     - **Against**: Staphylococcus aureus is less common than Streptococcus pneumoniae in community-acquired pneumonia and is more frequently associated with hospital-acquired infections or skin and soft tissue infections.

4. **Conclusion**:
Given the clinical presentation and laboratory findings, the most likely causal microorganism is Streptococcus pneumoniae. The rapid onset of symptoms, fever, purulent cough, and consolidation on chest X-ray are consistent with Streptococcus pneumoniae infection.

Answer: A",2288
24,Treatment,True,A,A,asthma exacerbation,Asthma (https://en.wikipedia.org/wiki/Asthma),"Reasoning:
1. **Source Check**: The Background Context provided pertains to asthma, its symptoms, and management. However, it does not directly address the specific scenario presented in the question. Therefore, we will rely on clinical reasoning and the options provided.

2. **Analysis**: The patient is a 6-year-old boy with a history of asthma and eczema who presents with worsening wheezing and shortness of breath over the past day. He has missed his medications for a week and now shows signs of severe respiratory distress, including tachypnea, tachycardia, and lethargy. The initial treatments of nebulized albuterol, ipratropium, and intravenous methylprednisolone have improved his condition, but he remains lethargic and now shows signs of circulatory compromise (increased heart rate and decreased blood pressure).

3. **Evaluation**:
   - **Option A: Intubate with mechanical ventilation**
     - This option is highly appropriate given the patient's severe respiratory distress, lethargy, and signs of circulatory compromise. Intubation would ensure secure airway management and allow for controlled ventilation, which is crucial in cases of severe asthma exacerbation.
   - **Option B: Perform needle thoracostomy at the 2nd intercostal space**
     - This option is not indicated as there is no evidence of pneumothorax or hemothorax. The patient's symptoms are primarily related to respiratory obstruction rather than a potential pneumothorax.
   - **Option C: Perform bronchoscopy**
     - While bronchoscopy can be useful in diagnosing and managing certain respiratory conditions, it is not immediately necessary in this case. The patient's condition has already improved significantly with initial treatments, and the primary concern is ensuring adequate ventilation and oxygenation.
   - **Option D: Provide additional dose of methylprednisolone**
     - Although additional corticosteroids may be beneficial in managing the asthma exacerbation, they are not the immediate priority in this scenario. The patient's current state indicates the need for more urgent interventions to stabilize his airway and circulation.

4. **Conclusion**: Given the patient's severe respiratory distress, lethargy, and signs of circulatory compromise, the most appropriate next step in management is to intubate with mechanical ventilation to ensure secure airway management and controlled ventilation.

Answer: A",2004
25,Mechanism,True,D,D,Neutrophil function,Superoxide dismutase (https://en.wikipedia.org/wiki/Superoxide_dismutase) | Immunoglobulin class switching (https://en.wikipedia.org/wiki/Immunoglobulin_class_switching) | Neutrophil (https://en.wikipedia.org/wiki/Neutrophil),"Reasoning: 
The patient is a 5-year-old female suffering from recurrent infections by Aspergillus species, Pseudomonas species, and Staphylococcus aureus. The neutrophils have failed the nitroblue tetrazolium (NBT) test, indicating an inability to generate the microbicidal respiratory burst.

1. **Immunoglobulin class switching** (Option A): This process involves changing the constant region of the antibody heavy chain without altering the variable region. It is not directly related to the ability of neutrophils to produce reactive oxygen species (ROS) or the respiratory burst. Therefore, this is unlikely to be the issue in this patient.

2. **Superoxide dismutase** (Option B): Superoxide dismutase (SOD) is an enzyme that converts superoxide radicals into less harmful molecules like molecular oxygen and hydrogen peroxide. While SOD plays a role in protecting against oxidative stress, its primary function is not related to the generation of ROS by neutrophils during the respiratory burst. Hence, this is not the most likely cause of the NBT test failure.

3. **Myeloperoxidase** (Option C): Myeloperoxidase (MPO) is an enzyme found in neutrophils that is involved in the production of hypochlorous acid from hydrogen peroxide and chloride ions during the respiratory burst. However, the NBT test specifically measures the ability of neutrophils to produce superoxide radicals, which is a broader aspect of the respiratory burst than just MPO activity. Therefore, while MPO is part of the respiratory burst, the NBT test failure suggests a more general defect in the respiratory burst rather than a specific deficiency in MPO.

4. **Respiratory burst** (Option D): The nitroblue tetrazolium (NBT) test assesses the ability of neutrophils to produce superoxide radicals, which are a critical component of the respiratory burst. The failure of this test indicates an inability to generate these superoxide radicals, which is a hallmark of a defect in the respiratory burst. This aligns with the patient's history of recurrent infections, suggesting a primary defect in the neutrophil's ability to produce antimicrobial ROS.

Answer: D",1355
26,Mechanism,False,C,D,Croup,Croup (https://en.wikipedia.org/wiki/Croup),"Reasoning:
1. **Source Check**: According to the Background Context on Croup, the classic symptoms include a ""barking/brassy"" cough, inspiratory stridor, and hoarseness. The patient's presentation matches these symptoms, indicating croup as the most likely diagnosis.
   
2. **Analysis**: The patient's symptoms include a 'cough-like-a-seal bark', high-pitched inspiratory noise (stridor), suprasternal and intercostal retractions, and a frequent barking cough with a hoarse voice. These are consistent with croup, a viral infection causing swelling in the trachea leading to inspiratory stridor and a characteristic barking cough.

3. **Evaluation**:
   - **Option A: Increased interstitial markings**: This finding is more commonly associated with conditions like bronchopneumonia or interstitial lung disease, not typically seen in croup.
   - **Option B: Lobar consolidation in the lingual**: Lobar consolidation is indicative of bacterial pneumonia, which is less common in croup.
   - **Option C: Thumbprint sign on the lateral image**: This sign is specific to croup, particularly in the lateral view of the neck, showing the tapering of the subglottic region due to edema.
   - **Option D: Steeple sign**: This sign is not mentioned in the context and is not a typical radiographic finding in croup.

4. **Conclusion**: Given the patient's symptoms and the specific radiographic signs described, the most likely finding on a chest X-ray would be the thumbprint sign on the lateral image.

Answer: C",1470
27,Mechanism,True,A,A,rifampin contraceptive failure,Contraceptive vaginal ring (https://en.wikipedia.org/wiki/Contraceptive_vaginal_ring),"Reasoning: 
1. **Source Check**: The ""Background Context"" provided does not directly address the mechanism of action of oral contraceptives or their interactions with medications like rifampin. However, it provides information relevant to understanding the potential impact of rifampin on oral contraceptives.

2. **Analysis**: The patient has been taking oral contraceptives regularly but has experienced a missed period despite this. She is currently on an anti-TB regimen including rifampin, isoniazid, pyrazinamide, and ethambutol. Rifampin is known to induce cytochrome P450 enzymes, particularly CYP3A4, which can lead to increased metabolism of various drugs, potentially reducing their efficacy.

3. **Evaluation**:
   - **Option A**: Induction of CYP3A4 by rifampin leading to decreased serum levels of ethinylestradiol and progesterone. This is a plausible mechanism because rifampin is known to induce CYP3A4, which can increase the metabolism of ethinylestradiol and progesterone, leading to reduced effectiveness of the oral contraceptive.
   - **Option B**: Induction of CYP2A6 by rifampin leading to increased inactivation of ethinylestradiol. This is less likely because CYP2A6 is not typically associated with the metabolism of ethinylestradiol in oral contraceptives.
   - **Option C**: Interference with the intestinal absorption of the oral contraceptive by pyrazinamide. Pyrazinamide primarily affects mycobacterial metabolism and is not known to interfere with the absorption of oral contraceptives.
   - **Option D**: Increased renal elimination of the progesterone component of the oral contraceptive by ethambutol. Ethambutol is primarily an inhibitor of mycolic acid synthesis in Mycobacterium tuberculosis and does not significantly affect renal function or hormone metabolism.

4. **Conclusion**: Based on the analysis, the most likely mechanism for the failure of oral contraceptives in this patient is the induction of CYP3A4 by rifampin, leading to decreased serum levels of ethinylestradiol and progesterone.

Answer: A",1740
28,Diagnosis,False,C,D,Hemolytic Uremic Syndrome,Hemolytic–uremic syndrome (https://en.wikipedia.org/wiki/Hemolytic%E2%80%93uremic_syndrome),"Reasoning:
1. **Source Check**: The background context provided is about Hemolytic-Uremic Syndrome (HUS). However, the patient described in the question does not present with typical HUS symptoms such as low red blood cells, acute kidney injury, or low platelets. Therefore, we should focus on the clinical presentation of the patient.

2. **Analysis**: The patient is a 4-year-old boy presenting with bloody diarrhea, vomiting, and decreased oral intake. He also developed lower extremity weakness and tingling, which could indicate neurological involvement. The physical examination showed diffuse abdominal tenderness without rebound or guarding, and the ultrasound was negative for appendicitis. The stool was guaiac-positive, suggesting blood in the stool. The patient received acetaminophen and fluids were started. The next day, he complained of lower extremity weakness and tingling, with reduced muscle strength and diminished deep tendon reflexes.

3. **Evaluation**:
   - **Option A: Gram stain positive CSF**
     - This is unlikely because the patient's symptoms suggest a gastrointestinal origin rather than a central nervous system infection.
   
   - **Option B: Peripheral eosinophilia**
     - Eosinophilia is not a common finding in HUS or other conditions typically associated with the patient's symptoms. It is more commonly seen in conditions like allergic reactions or parasitic infections, which do not fit the clinical picture here.
   
   - **Option C: Xanthochromia on cerebrospinal fluid analysis**
     - Xanthochromia indicates old blood in the cerebrospinal fluid, which suggests subarachnoid hemorrhage. Given the patient's history of bloody diarrhea and the development of neurological symptoms, this could be a sign of HUS affecting the kidneys and potentially leading to thrombotic microangiopathy that can affect the brain.
   
   - **Option D: Increased cerebrospinal fluid protein with normal cell count**
     - While this could be seen in various neurological conditions, it is less specific to the patient's presentation compared to xanthochromia, which is more indicative of HUS affecting multiple organ systems including the brain.

4. **Conclusion**: Based on the patient's presentation and the development of neurological symptoms, the most likely lab finding would be xanthochromia on cerebrospinal fluid analysis, indicating old blood in the cerebrospinal fluid.

Answer: C",2111
29,Treatment,False,A,C,Congenital Talipes Equinovarus,Clubfoot (https://en.wikipedia.org/wiki/Clubfoot),"Reasoning: 

1. **Source Check**: The Background Context provided does not directly address the specific condition of clubfoot or its management. However, given the description of the patient's symptoms, it aligns closely with the characteristics of clubfoot, particularly the inward turning of the foot and the presence of a skin crease just below the ball of the great toe, indicating a rotational deformity.

2. **Analysis**: The patient presents with an inward turning of the left forefoot, a concavity of the medial border of the foot, and a convex lateral border. These findings are consistent with clubfoot. The X-ray showing an increased angle between the 1st and 2nd metatarsal bones further supports this diagnosis. Additionally, the fact that tickling the lateral border of the foot leads to correction of the deformity suggests a flexible nature of the deformity, which is characteristic of infantile clubfoot.

3. **Evaluation**:
   - **Option A: Foot abduction brace** - This is a common non-surgical treatment for clubfoot in infants. It helps to correct the deformity by keeping the foot in a corrected position. Given the age of the patient and the flexibility of the deformity, this is a reasonable first-line treatment.
   - **Option B: Arthrodesis of the forefoot** - This involves fusing the bones of the forefoot, which is a surgical procedure typically reserved for severe cases of clubfoot that do not respond to non-surgical treatments. Since the deformity is mild and flexible, this option is not appropriate.
   - **Option C: Reassurance** - While reassurance may be necessary for the parents, it is not a treatment for the deformity itself. Therefore, this option is not suitable.
   - **Option D: Tarsometatarsal capsulotomy** - This procedure involves cutting the ligaments around the joint to allow for correction of the deformity. It is more commonly used in older children or adults with clubfoot who have had failed non-surgical treatments. For a 3-week-old infant, this is not an appropriate initial treatment.

4. **Conclusion**: Based on the patient's age, the flexibility of the deformity, and the typical management of clubfoot in infants, the most appropriate next step in management would be to use a foot abduction brace to correct the deformity.

Answer: A",2311
