id,category,is_correct,prediction,correct_answer,search_plan,source_references,reasoning
0,Treatment,False,A,B,"['Carpal tunnel syndrome', 'Flexor tendon injury', 'Operative report', 'Medical errors', 'Patient confidentiality']",Carpal tunnel syndrome (https://en.wikipedia.org/wiki/Carpal_tunnel_syndrome) | Jersey finger (https://en.wikipedia.org/wiki/Jersey_finger) | Operative report (https://en.wikipedia.org/wiki/Operative_report) | Medical error (https://en.wikipedia.org/wiki/Medical_error) | Physician–patient privilege (https://en.wikipedia.org/wiki/Physician%E2%80%93patient_privilege),"Reasoning: According to the provided context, the situation described involves a medical error where a flexor tendon was cut during a carpal tunnel repair. The attending physician suggests not reporting this complication to the patient and leaving it out of the operative report. However, the resident should adhere to ethical and professional standards, which require accurate documentation and transparency with patients regarding their care.

1. **Option A: Disclose the error to the patient and put it in the operative report**
   - This option aligns with the principles of informed consent and patient autonomy. Patients have a right to know about any complications that arise during their treatment, and accurate documentation is crucial for future care and legal purposes. According to the context provided, this is the correct and ethical action to take.

2. **Option B: Tell the attending that he cannot fail to disclose this mistake**
   - While this option acknowledges the importance of disclosure, it does not directly address the resident's next steps. The resident should inform the attending of the ethical obligation to report the error but should not refuse to participate in the surgery or report.

3. **Option C: Report the physician to the ethics committee**
   - This option is extreme and unnecessary given the context. The attending physician is likely unaware of the full ethical implications of not documenting the error. Reporting to an ethics committee would be an overreaction to what appears to be a misunderstanding rather than a deliberate malpractice.

4. **Option D: Refuse to dictate the operative report**
   - Refusing to dictate the operative report is an extreme measure that could disrupt the surgical team's workflow and potentially cause further complications. It is not necessary to take such a drastic step when a simpler solution exists.

Answer: A
The correct next action for the resident to take is to disclose the error to the patient and include it in the operative report. This ensures that the patient is fully informed and that the medical record accurately reflects the events of the surgery, adhering to ethical and professional standards."
1,Mechanism,False,A,D,"['Chemotherapy side effects', 'Neoadjuvant chemotherapy', 'Sensorineural hearing loss mechanisms', 'Transitional cell carcinoma treatment', 'Proteasome inhibition']",Chemotherapy regimen (https://en.wikipedia.org/wiki/Chemotherapy_regimen) | Neoadjuvant therapy (https://en.wikipedia.org/wiki/Neoadjuvant_therapy) | Sensorineural hearing loss (https://en.wikipedia.org/wiki/Sensorineural_hearing_loss) | Transitional cell carcinoma (https://en.wikipedia.org/wiki/Transitional_cell_carcinoma) | Proteasome (https://en.wikipedia.org/wiki/Proteasome),"Reasoning: 
1. **Source Check**: The Background Context provided does not directly mention the specific drugs used in neoadjuvant chemotherapy for transitional cell carcinoma of the bladder or their potential side effects on hearing. However, we can infer the most likely mechanism based on the options given and the context of neoadjuvant chemotherapy.

2. **Analysis**: The patient has experienced a 45 dB sensorineural hearing loss after receiving neoadjuvant chemotherapy. Sensorineural hearing loss (SNHL) is typically associated with damage to the inner ear, specifically the cochlea and associated structures, or the auditory nerve. Given that the patient received neoadjuvant chemotherapy, we need to consider the known side effects of chemotherapy drugs.

3. **Evaluation**:
   - **Option A: Inhibition of proteasome**: Proteasome inhibitors are commonly used in cancer therapy, particularly in hematologic malignancies and solid tumors. They work by blocking the proteasome, leading to the accumulation of ubiquitinated proteins and ultimately cell death. While this mechanism is well-known, there is no direct evidence linking proteasome inhibition to sensorineural hearing loss.
   
   - **Option B: Hyperstabilization of microtubules**: Microtubule-stabilizing agents like paclitaxel are used in chemotherapy, but they primarily affect cell division and do not have a direct link to sensorineural hearing loss. Therefore, this option is unlikely to be the correct answer.
   
   - **Option C: Generation of free radicals**: Some chemotherapeutic agents generate free radicals as a byproduct of their action, which can cause oxidative stress and damage to various tissues, including the inner ear. This mechanism has been implicated in hearing loss associated with certain chemotherapies, such as cisplatin and carboplatin. Given that the patient received neoadjuvant chemotherapy, this option is a plausible candidate.
   
   - **Option D: Cross-linking of DNA**: DNA cross-linking agents like mitomycin C and platinum-based drugs can cause DNA damage and cell death, but they are not typically associated with sensorineural hearing loss. Therefore, this option is less likely to be the correct answer.

4. **Conclusion**: Based on the above analysis, the most likely mechanism for the patient's sensorineural hearing loss is the generation of free radicals by the chemotherapy drug. This aligns with the known side effects of certain chemotherapeutic agents that can cause oxidative stress and damage to the inner ear.

Answer: A"
2,Diagnosis,True,B,B,"['Cholesterol embolization', 'Renal biopsy findings', 'Acute kidney injury in cardiac patients', 'Unstable angina pectoris', 'Intravascular spindle-shaped vacuoles']",Cholesterol embolism (https://en.wikipedia.org/wiki/Cholesterol_embolism) | Renal cell carcinoma (https://en.wikipedia.org/wiki/Renal_cell_carcinoma) | Acute kidney injury (https://en.wikipedia.org/wiki/Acute_kidney_injury) | Unstable angina (https://en.wikipedia.org/wiki/Unstable_angina),"**Reasoning:**

1. **Source Check**: The Background Context provides information about cholesterol embolism, which is relevant to the patient's symptoms. The patient has mottled, reticulated purplish discoloration of the feet, decreased urinary output, and laboratory findings consistent with acute kidney injury. Additionally, the renal biopsy shows intravascular spindle-shaped vacuoles, which are characteristic of cholesterol embolism.

2. **Analysis**: The patient's symptoms and laboratory findings are consistent with cholesterol embolism. The mottled, reticulated purplish discoloration of the feet is a classic sign of skin involvement in cholesterol embolism. The decreased urinary output and elevated serum creatinine indicate acute kidney injury. The intravascular spindle-shaped vacuoles seen on renal biopsy are pathognomonic for cholesterol embolism.

3. **Evaluation**:
   - **Option A: Renal papillary necrosis** - This condition is characterized by necrosis of the renal papillae and is often associated with pyelonephritis or other infections. The patient's history and symptoms do not suggest an infection or pyelonephritis.
   - **Option B: Cholesterol embolization** - This condition fits the patient's presentation perfectly. The mottled skin discoloration, decreased urinary output, and intravascular spindle-shaped vacuoles on renal biopsy are all consistent with cholesterol embolism.
   - **Option C: Eosinophilic granulomatosis with polyangiitis (EGPA)** - This condition is a form of vasculitis associated with eosinophilia and respiratory symptoms. The patient's symptoms and findings do not suggest EGPA.
   - **Option D: Polyarteritis nodosa** - This is another form of vasculitis that affects medium-sized arteries. The patient's symptoms and findings do not suggest polyarteritis nodosa.

4. **Conclusion**: Based on the patient's symptoms, laboratory findings, and renal biopsy results, the most likely cause of the patient's symptoms is cholesterol embolization.

**Answer: B**"
3,Treatment,False,B,D,"['Ectopic Pregnancy', 'Pelvic Inflammatory Disease', 'Sepsis', 'Thrombocytopenia', 'Gram-Negative Bacteremia']",Ectopic pregnancy (https://en.wikipedia.org/wiki/Ectopic_pregnancy) | Pelvic inflammatory disease (https://en.wikipedia.org/wiki/Pelvic_inflammatory_disease) | Sepsis (https://en.wikipedia.org/wiki/Sepsis) | Thrombocytopenia (https://en.wikipedia.org/wiki/Thrombocytopenia) | Bloodstream infection (https://en.wikipedia.org/wiki/Bloodstream_infection),"Reasoning:

1. **Source Check**: The Background Context provided does not directly contain information about the specific bacteria that would be expected in the blood culture based on the patient's presentation. However, we can use the clinical findings to infer the likely pathogen.

2. **Analysis**:
   - The patient presents with fever, chills, and left lower quadrant pain, indicating a systemic infection.
   - The blood pressure is hypotensive (80/50 mm Hg), suggesting sepsis.
   - The platelet count is extremely low (14,200/mm³), which is consistent with disseminated intravascular coagulation (DIC), often seen in severe sepsis.
   - The fibrinogen level is low (83 mg/mL), further supporting DIC.
   - The D-dimer level is elevated (965 ng/mL), indicating increased clotting activity.
   - The presence of mucopurulent discharge from the cervical os suggests a genital tract infection.
   - The left adnexal tenderness and the history of a peripheral IV line suggest a possible pelvic inflammatory disease (PID) or an ectopic pregnancy, given the risk factors and symptoms.

3. **Evaluation**:
   - **Option A**: Coagulase-positive, gram-positive cocci forming mauve-colored colonies on methicillin-containing agar. This is characteristic of Staphylococcus aureus. However, the patient's symptoms and lab results do not strongly suggest a staphylococcal infection.
   - **Option B**: Encapsulated, gram-negative coccobacilli forming grey-colored colonies on charcoal blood agar. This is characteristic of Neisseria gonorrhoeae, which can cause PID. Given the mucopurulent discharge and the presence of PID risk factors, this is a strong possibility.
   - **Option C**: Spore-forming, gram-positive bacilli forming yellow colonies on casein agar. This is characteristic of Clostridium species, which typically cause localized infections rather than the systemic infection seen here.
   - **Option D**: Lactose-fermenting, gram-negative rods forming pink colonies on MacConkey agar. This is characteristic of Escherichia coli, which can cause urinary tract infections but not the specific combination of symptoms and lab results seen here.

4. **Conclusion**:
   Based on the patient's symptoms (fever, chills, left lower quadrant pain, mucopurulent discharge, and PID risk factors), the most likely pathogen is Neisseria gonorrhoeae, which would form encapsulated, gram-negative coccobacilli on charcoal blood agar.

Answer: B"
4,Treatment,True,B,B,"['Allergicconjunctivitis', 'Antihistamine_eye_drops', 'Indomethacin_side_effects', 'Conjunctival_injection', 'Anaphylaxis']",Eye drop (https://en.wikipedia.org/wiki/Eye_drop) | Indometacin (https://en.wikipedia.org/wiki/Indometacin) | Red eye (medicine) (https://en.wikipedia.org/wiki/Red_eye_(medicine)) | Anaphylaxis (https://en.wikipedia.org/wiki/Anaphylaxis),"Reasoning:
1. **Source Check**: The Background Context mentions that eye drops may contain one or more medications to treat a wide variety of eye diseases, including antihistamines. Indomethacin is a nonsteroidal anti-inflammatory drug (NSAID) used to reduce fever, pain, stiffness, and swelling from inflammation. However, there is no specific mention of indomethacin being used for allergic reactions or conjunctivitis in the provided context.

2. **Analysis**: The patient presents with itchy, watery eyes, sneezing, and conjunctival injection, which are typical symptoms of allergic conjunctivitis. The history of a similar episode in spring suggests a seasonal allergy pattern. The visual acuity is normal, and the physical examination shows bilateral conjunctival injection with watery discharge, consistent with allergic conjunctivitis.

3. **Evaluation**:
   - **Option A: Erythromycin ointment**: This is an antibiotic and would be inappropriate for treating allergic conjunctivitis, which is not bacterial in origin.
   - **Option B: Ketotifen eye drops**: Ketotifen is an antihistamine and mast cell stabilizer commonly used to treat allergic conjunctivitis. It helps relieve itching and other allergic symptoms.
   - **Option C: Warm compresses**: While warm compresses can help with conditions like blepharitis, they are not effective for treating allergic conjunctivitis.
   - **Option D: Fluorometholone eye drops**: Fluorometholone is a corticosteroid and would be overkill for allergic conjunctivitis, which is usually managed with antihistamines and decongestants. Steroids can also lead to side effects if used unnecessarily.

4. **Conclusion**: Given the patient's symptoms and history, the most appropriate treatment is **B: Ketotifen eye drops**, as it targets the allergic component of the conjunctivitis effectively.

Answer: B"
5,Treatment,False,B,D,"['angina', 'unstable angina', 'cocaine myocardial infarction', 'chest pain management', 'acute coronary syndrome']",Angina (https://en.wikipedia.org/wiki/Angina) | Unstable angina (https://en.wikipedia.org/wiki/Unstable_angina) | Cocaine intoxication (https://en.wikipedia.org/wiki/Cocaine_intoxication) | Chest pain (https://en.wikipedia.org/wiki/Chest_pain) | Acute coronary syndrome (https://en.wikipedia.org/wiki/Acute_coronary_syndrome),"Reasoning: 
1. **Source Check**: The Background Context provided does not directly address the specific scenario of a patient presenting with chest pain and cocaine abuse. However, we can infer from the information given about angina and cocaine intoxication.

2. **Analysis**: The patient presents with progressively worsening chest pain, nausea, and diaphoresis, which are concerning signs for a potential acute coronary syndrome (ACS) or cocaine-induced cardiovascular effects. The pain radiating to the epigastric area and the patient's history of hypertension and recent cocaine abuse suggest a high risk of ACS or cocaine-induced coronary vasoconstriction.

3. **Evaluation**:
   - **Option A: Diltiazem**: This is a calcium channel blocker used to treat angina and hypertension. While it could be beneficial in managing angina, it is not the first-line treatment for acute coronary syndrome or cocaine-induced coronary vasoconstriction.
   - **Option B: Labetalol**: This is a non-selective beta-blocker and alpha-adrenergic antagonist. It can help manage hypertension and reduce myocardial oxygen demand, making it a suitable choice for managing acute coronary syndrome or cocaine-induced coronary vasoconstriction.
   - **Option C: Propranolol**: This is a beta-blocker used to treat angina and hypertension. Like diltiazem, it is not the first-line treatment for acute coronary syndrome or cocaine-induced coronary vasoconstriction.
   - **Option D: Reassurance and continuous monitoring**: While reassurance and continuous monitoring are important, they do not address the underlying cause of the patient's symptoms. Continuous monitoring is necessary, but it alone is not a treatment.

4. **Conclusion**: Given the patient's presentation and history, the most appropriate initial step in management would be to provide a medication that can help manage the acute coronary syndrome or cocaine-induced coronary vasoconstriction. Labetalol is a non-selective beta-blocker and alpha-adrenergic antagonist that can help reduce myocardial oxygen demand and manage hypertension, making it the best choice among the options provided.

Answer: B"
6,Diagnosis,False,A,C,"['Renal colic', 'Ureteropelvic junction obstruction', 'Diabetic nephropathy', 'Right flank pain', 'Renal ultrasound']",Renal colic (https://en.wikipedia.org/wiki/Renal_colic) | Bladder outlet obstruction (https://en.wikipedia.org/wiki/Bladder_outlet_obstruction) | Diabetic nephropathy (https://en.wikipedia.org/wiki/Diabetic_nephropathy) | Abdominal pain (https://en.wikipedia.org/wiki/Abdominal_pain) | Renal ultrasonography (https://en.wikipedia.org/wiki/Renal_ultrasonography),"Reasoning: 
1. **Source Check**: According to the Background Context, renal colic is characterized by severe abdominal pain that is spasmodic in nature, primarily caused by an obstruction of one or both ureters from dislodged kidney stones. Additionally, the context mentions that an obstruction of a ureter can result in urinary stasis and distention of the ureter, known as a hydroureter. The patient's ultrasound showing dilation of the right ureter and renal pelvis aligns with these findings.

2. **Analysis**: The patient presents with right flank pain, abdominal tenderness, and right flank tenderness, along with an ultrasound showing dilation of the right ureter and renal pelvis. These clinical findings are consistent with a ureteral obstruction, which could be caused by a kidney stone.

3. **Evaluation**:
   - **Option A: Renal artery stenosis**: This condition involves narrowing of the renal arteries, which would typically present with hypertension and possibly renovascular hypertension. While the patient has hypertension, the specific finding of ureteral dilation is not directly related to renal artery stenosis.
   
   - **Option B: Benign prostatic hyperplasia (BPH)**: BPH primarily affects the lower urinary tract and can lead to bladder outlet obstruction, but it is not typically associated with ureteral dilation or flank pain.
   
   - **Option C: Common iliac artery aneurysm**: An aneurysm in the common iliac artery would not directly cause ureteral obstruction or the specific findings of ureteral dilation and flank pain.
   
   - **Option D: Urethral stricture**: A urethral stricture would affect the flow of urine from the bladder to the outside, but it would not cause ureteral dilation or the specific findings of ureteral obstruction.

4. **Conclusion**: Based on the patient's presentation and the ultrasound findings, the most likely underlying cause of the patient's condition is a ureteral obstruction, which is consistent with renal colic caused by a kidney stone.

Answer: A"
7,Treatment,True,C,C,"['Acute coronary syndrome', 'Clopidogrel', 'Percutaneous冠状动脉介入治疗']",Acute coronary syndrome (https://en.wikipedia.org/wiki/Acute_coronary_syndrome) | Clopidogrel (https://en.wikipedia.org/wiki/Clopidogrel),"Reasoning:
1. **Source Check**: According to the Background Context provided, clopidogrel is used in the treatment of acute coronary syndrome (ACS) when combined with aspirin, especially in cases involving the placement of a coronary artery stent. The patient in question has been treated for ACS and had an ECG showing ST-segment depressions, along with elevated troponin levels, indicating myocardial injury. Additionally, the patient underwent percutaneous transluminal coronary angioplasty, which typically involves dual antiplatelet therapy including aspirin and another antiplatelet agent like clopidogrel.

2. **Analysis**: The patient's presentation includes acute chest pain, diaphoresis, and ECG findings consistent with ACS. The ECG shows ST-segment depressions in leads II, III, and aVF, which are typical findings in non-ST elevation myocardial infarction (NSTEMI). The elevated troponin T concentration further supports the diagnosis of ACS. The patient also underwent percutaneous transluminal coronary angioplasty, suggesting a need for long-term antiplatelet therapy to prevent recurrent thrombosis.

3. **Evaluation**:
   - **Option A: Nifedipine**: This is a calcium channel blocker used to treat hypertension and angina. While it can help manage blood pressure and relieve chest pain, it does not have a role in preventing platelet aggregation, which is crucial in the management of ACS.
   - **Option B: Enoxaparin**: This is an anticoagulant used to prevent deep vein thrombosis and pulmonary embolism. While it may be used in conjunction with antiplatelet agents, it is not typically used as a primary antiplatelet agent in the management of ACS.
   - **Option C: Clopidogrel**: As mentioned earlier, clopidogrel is an antiplatelet medication used in the treatment of ACS, particularly in combination with aspirin, especially after procedures like percutaneous transluminal coronary angioplasty. Given the patient's history and current treatment, adding clopidogrel would be appropriate.
   - **Option D: Spironolactone**: This is a potassium-sparing diuretic used to treat hypertension and heart failure. While it can be beneficial in managing these conditions, it does not have a role in preventing platelet aggregation and thus is not indicated in the management of ACS.

4. **Conclusion**: Based on the patient's history, symptoms, and the need for dual antiplatelet therapy post-procedure, the best answer is:

Answer: C: Clopidogrel"
8,Diagnosis,True,B,B,"['intrauterine device', 'copper IUD', 'pelvic inflammatory disease', 'contraindications to IUD insertion']",Intrauterine device (https://en.wikipedia.org/wiki/Intrauterine_device) | Copper IUD (https://en.wikipedia.org/wiki/Copper_IUD) | Pelvic inflammatory disease (https://en.wikipedia.org/wiki/Pelvic_inflammatory_disease),"Reasoning: 
1. **Source Check**: According to the provided sources, there is no direct statement about which past medical history would make copper IUD placement contraindicated. However, the information provided about pelvic inflammatory disease (PID) and other conditions can help us evaluate the options.

2. **Analysis**: The patient's physical examination and vital signs are within normal limits, indicating no immediate concerns related to the insertion of an IUD. The question focuses on past medical history that might make copper IUD placement contraindicated.

3. **Evaluation**:
   - **Option A: A history of stroke or venous thromboembolism**
     - There is no specific mention in the sources that a history of stroke or venous thromboembolism would make copper IUD placement contraindicated. In fact, IUDs are generally considered safe for women with a history of venous thromboembolism, though they should be carefully monitored.
   
   - **Option B: Active or recurrent pelvic inflammatory disease (PID)**
     - According to the source on PID, untreated PID can lead to serious complications such as infertility, chronic pelvic pain, and ectopic pregnancy. Therefore, active or recurrent PID could increase the risk of complications during or after IUD insertion, making it a contraindication.
   
   - **Option C: Past medical history of breast cancer**
     - There is no specific information in the sources suggesting that a history of breast cancer would make copper IUD placement contraindicated. Breast cancer itself does not typically affect the safety of IUD use.
   
   - **Option D: Known liver neoplasm**
     - There is no specific mention in the sources regarding the safety of IUDs in patients with liver neoplasms. Generally, IUDs are considered safe for women with benign liver conditions, but malignancies could pose additional risks that need to be evaluated on a case-by-case basis.

4. **Conclusion**: Based on the provided information and the potential complications associated with PID, the most compelling reason to avoid copper IUD placement would be active or recurrent PID.

Answer: B"
9,Diagnosis,True,A,A,"['Nail pitting', 'Koilonychia', 'Psoriasis', 'Cutaneous Manifestations of Psoriasis', 'Psoriatic Arthritis']",Psoriatic arthritis (https://en.wikipedia.org/wiki/Psoriatic_arthritis) | Koilonychia (https://en.wikipedia.org/wiki/Koilonychia) | Psoriasis (https://en.wikipedia.org/wiki/Psoriasis) | Geographic tongue (https://en.wikipedia.org/wiki/Geographic_tongue),"Reasoning: The patient's primary complaint is embarrassment about the appearance of her nails. Given the options provided, we need to identify which additional finding is most likely to be present in a patient with nail abnormalities.

1. **Option A: Silvery plaques on extensor surfaces**
   - According to the context provided, psoriasis can present with silvery plaques on the skin. However, this description pertains to skin lesions rather than nail abnormalities. Therefore, this option is less relevant to the patient's nail issue.

2. **Option B: Flesh-colored papules in the lumbosacral region**
   - This option describes a skin lesion in a different anatomical location (lumbosacral region) and does not directly relate to nail abnormalities. Thus, this is not a likely finding in a patient with nail issues.

3. **Option C: Erosions of the dental enamel**
   - Erosions of the dental enamel are not related to nail abnormalities and do not fit the context of the patient's complaint. This option is unlikely to be relevant.

4. **Option D: Holosystolic murmur at the left lower sternal border**
   - A holosystolic murmur at the left lower sternal border suggests a heart-related issue, such as mitral valve prolapse or regurgitation. This finding is unrelated to nail abnormalities and does not fit the context of the patient's complaint.

Given the context provided, the most relevant information is from the source on koilonychia, which describes nail abnormalities. The patient's complaint about the appearance of her nails aligns with koilonychia, a condition where the nails become thin, flat, or concave in shape.

Answer: None of the given options directly relate to koilonychia. However, if we must choose the closest option, koilonychia (spoon nails) would be the most relevant to the patient's complaint. Since none of the options perfectly match the description of koilonychia, the best answer among the given options is:

Answer: None of the above. However, if forced to choose, Option A (Silvery plaques on extensor surfaces) is the closest, as psoriasis can present with silvery plaques, though it is not specifically related to nail abnormalities."
10,Diagnosis,True,D,D,"['HIV testing', 'zidovudine', 'latent labor', 'confirmatory HIV tests']",Diagnosis of HIV/AIDS (https://en.wikipedia.org/wiki/Diagnosis_of_HIV/AIDS) | Zidovudine (https://en.wikipedia.org/wiki/Zidovudine) | Prolonged labor (https://en.wikipedia.org/wiki/Prolonged_labor),"Reasoning: 

1. **Source Check**: The Background Context provided does not contain specific information about the confirmatory test for HIV. However, it does provide details about the types of tests used to diagnose HIV, which involve detecting antibodies, antigens, or RNA.

2. **Analysis**: The patient is presenting with signs of latent labor, and the healthcare providers are concerned about the possibility of HIV infection due to the lack of prenatal care and inconsistent condom use. Given the context of HIV testing, we need to focus on the confirmatory test for HIV.

3. **Evaluation**:
   - **Option A**: ""It is a Southwestern blot, identifying the presence of DNA-binding proteins."" This is incorrect because a Southwestern blot is used to detect RNA-protein interactions, not HIV.
   - **Option B**: ""It is a Northern blot, identifying the presence of RNA."" This is incorrect because a Northern blot is used to detect RNA, and while HIV RNA could be detected, this method is not typically used for confirming HIV infection.
   - **Option C**: ""It is a Northern blot, identifying the presence of DNA."" This is incorrect because a Northern blot detects RNA, not DNA.
   - **Option D**: ""It is an HIV-1/HIV2 antibody differentiation immunoassay."" This is correct because immunoassays are commonly used to detect antibodies against HIV, which is the standard method for confirming HIV infection.

4. **Conclusion**: The confirmatory test for HIV involves detecting antibodies, which aligns with the immunoassay mentioned in Option D.

Answer: D"
11,Diagnosis,True,D,D,"['polycythemia_vera', 'myelofibrosis', 'JAK2 V617F mutation', 'splenomegaly', 'chronic_myelomonocytic_leukemia']",Polycythemia vera (https://en.wikipedia.org/wiki/Polycythemia_vera) | Primary myelofibrosis (https://en.wikipedia.org/wiki/Primary_myelofibrosis) | Janus kinase 2 (https://en.wikipedia.org/wiki/Janus_kinase_2) | Splenomegaly (https://en.wikipedia.org/wiki/Splenomegaly) | Chronic myelomonocytic leukemia (https://en.wikipedia.org/wiki/Chronic_myelomonocytic_leukemia),"Reasoning:
1. **Source Check**: The background context provided does not directly address the specific conditions of the patient described. However, we can infer from the symptoms and laboratory findings.

2. **Analysis**:
   - The patient presents with fatigue, abdominal pain, night sweats, shortness of breath, weight loss, and a palpable enlarged spleen (splenomegaly). These symptoms suggest a hematological disorder.
   - The laboratory findings include a low hemoglobin level (6.4 g/dL), a low mean corpuscular volume (MCV) indicating microcytic anemia, and a low platelet count (96,000/mm³). Additionally, the blood smear and bone marrow aspiration show extensive fibrosis and a few scattered plasma cells, which are consistent with a hematological disorder.
   - The JAK2 assay is positive, which is a key finding in both polycythemia vera (PV) and primary myelofibrosis (PMF).

3. **Evaluation**:
   - **Option A: Cladribine** - Cladribine is used in the treatment of certain types of leukemia and lymphoma, but it is not typically used for the management of polycythemia vera or primary myelofibrosis.
   - **Option B: Prednisone** - Prednisone is a corticosteroid that can be used to reduce inflammation and suppress the immune system. While it might be used in some cases of myelofibrosis, it is not the first-line treatment for polycythemia vera or primary myelofibrosis.
   - **Option C: Imatinib** - Imatinib is used to treat chronic myeloid leukemia (CML) and some forms of gastrointestinal stromal tumors (GIST). It is not indicated for the treatment of polycythemia vera or primary myelofibrosis.
   - **Option D: Ruxolitinib** - Ruxolitinib is a JAK inhibitor that is approved for the treatment of polycythemia vera, primary myelofibrosis, and essential thrombocythemia. Given the positive JAK2 assay and the presence of splenomegaly and fibrosis, ruxolitinib is the most appropriate next step in management.

4. **Conclusion**:
Answer: D (Ruxolitinib)

Ruxolitinib is the most appropriate next step in management due to its efficacy in treating polycythemia vera and primary myelofibrosis, especially given the positive JAK2 assay and the presence of splenomegaly and fibrosis."
12,Diagnosis,True,B,B,"['Neurofibromatosis type 2', 'Merlin (protein)', 'Schwannomatosis', 'Acoustic neuroma', 'Astrocytoma']",Neurofibromatosis type II (https://en.wikipedia.org/wiki/Neurofibromatosis_type_II) | Merlin (protein) (https://en.wikipedia.org/wiki/Merlin_(protein)) | Schwannomatosis (https://en.wikipedia.org/wiki/Schwannomatosis) | Vestibular schwannoma (https://en.wikipedia.org/wiki/Vestibular_schwannoma) | Astrocytoma (https://en.wikipedia.org/wiki/Astrocytoma),"Reasoning: 

1. **Source Check**: According to the Background Context, the patient's symptoms and genetic findings align with Neurofibromatosis Type II (NF2). The patient has bilateral hearing loss, gait unsteadiness, and intermittent tingling sensations, which are consistent with NF2. Additionally, the genetic evaluation shows a mutation in the NF2 gene, which encodes Merlin, a tumor suppressor protein involved in NF2.

2. **Analysis**: The patient's symptoms suggest involvement of the auditory-vestibular nerve (cranial nerve VIII), which is the primary manifestation of NF2. The NF2 gene mutation leads to the formation of bilateral benign tumors in the nerve sheath of cranial nerve VIII, typically vestibular schwannomas (acoustic neuromas).

3. **Evaluation**:
   - **Option A: Renal cell carcinoma**: This is not related to NF2. The NF2 gene is not associated with renal cell carcinoma.
   - **Option B: Meningioma**: While meningiomas can occur in NF2, they are not the primary or most characteristic feature of NF2. The patient's symptoms are more indicative of NF2-related vestibular schwannomas.
   - **Option C: Astrocytoma**: Astrocytomas are brain tumors that do not typically arise from NF2 mutations. They are more commonly associated with gliomas, which are not the primary feature of NF2.
   - **Option D: Vascular malformations**: Vascular malformations are not specifically linked to NF2. The primary tumors associated with NF2 are schwannomas, particularly vestibular schwannomas.

4. **Conclusion**: Given the patient's symptoms and genetic findings, the most likely condition the patient is at increased risk for is vestibular schwannomas, which are characteristic of NF2.

Answer: B (Meningioma) is incorrect as it is not the primary feature of NF2. The correct answer should be related to vestibular schwannomas, which is not listed among the options. However, based on the given options, the closest and most relevant condition would be:

Answer: B (Meningioma)"
13,Mechanism,True,D,D,"['Müllerian agenesis', 'Mitral valve prolapse', 'Cardiac auscultation', 'Physical examination findings in mitral valve prolapse', 'Mid-systolic click and systolic murmur']",Müllerian agenesis (https://en.wikipedia.org/wiki/M%C3%BCllerian_agenesis) | Mitral valve prolapse (https://en.wikipedia.org/wiki/Mitral_valve_prolapse) | Heart sounds (https://en.wikipedia.org/wiki/Heart_sounds) | Mitral stenosis (https://en.wikipedia.org/wiki/Mitral_stenosis) | Systolic heart murmur (https://en.wikipedia.org/wiki/Systolic_heart_murmur),"Reasoning: The patient presents with a mid-systolic murmur heard in the 2nd left intercostal space that radiates to the carotids. This description is consistent with a systolic heart murmur, specifically a systolic ejection murmur, which is commonly associated with valvular heart diseases such as mitral valve prolapse or stenosis. The instruction to stand from a supine position with the stethoscope still on the chest is a maneuver used to assess the nature of the murmur and differentiate between different types of murmurs.

Let's evaluate each option:

A: An increase in right atrial pressure - This is unlikely because the maneuver of standing does not directly affect right atrial pressure. Right atrial pressure is more influenced by right-sided heart conditions and venous return rather than the position of the patient.

B: An increase in pulmonary capillary wedge pressure - This is also unlikely. Pulmonary capillary wedge pressure (PCWP) is measured invasively and reflects left ventricular pressure. The standing maneuver does not significantly change PCWP in a healthy individual without underlying heart failure or pulmonary hypertension.

C: A reduction in the slope of the pacemaker potential - This option pertains to electrical activity in the heart and is not directly related to the physical position of the patient. The pacemaker potential is influenced by the sinoatrial node and is not altered by standing.

D: A reduction in diastolic filling time - Standing from a supine position typically increases venous return to the right side of the heart and can lead to a transient increase in right-sided pressures. However, the primary effect of standing is on the left ventricle and left-sided pressures. In a healthy individual, the main change would be an increase in left ventricular afterload due to increased venous return and decreased compliance of the thoracic veins. This can lead to a reduction in diastolic filling time as the heart adapts to the increased workload.

Given the context of the patient's presentation and the maneuver performed, the most likely change would be a reduction in diastolic filling time.

Answer: D"
14,Mechanism,False,D,C,"['virus recombination', 'concurrent viral infection', 'virus genome packaging', 'epstein-barr virus life cycle', 'vaccinia virus replication']",Genetic recombination (https://en.wikipedia.org/wiki/Genetic_recombination) | HIV (https://en.wikipedia.org/wiki/HIV) | Virus (https://en.wikipedia.org/wiki/Virus) | Epstein–Barr virus (https://en.wikipedia.org/wiki/Epstein%E2%80%93Barr_virus) | Vaccinia (https://en.wikipedia.org/wiki/Vaccinia),"Reasoning: The scenario describes a process where two viruses from the same family co-infect a host cell, leading to the production of genome segments from both viruses being packaged into a new, unique virus particle. This process is known as genetic recombination, where genetic material is exchanged between different viruses, resulting in a novel viral strain.

Let's analyze each option:

**Option A: Epstein-Barr Virus**
- According to the Background Context, the Epstein-Barr virus (EBV) is a double-stranded DNA virus and is known to establish a permanent infection in human B cells. However, there is no specific mention of EBV undergoing genetic recombination with another virus from the same family to produce a new strain. Therefore, this option is less likely.

**Option B: Human Immunodeficiency Virus (HIV)**
- The Background Context mentions that HIV is a retrovirus and can undergo genetic recombination. However, it does not specifically describe HIV undergoing recombination with another virus from the same family to produce a new strain. Thus, while HIV can undergo recombination, this particular scenario is not supported by the given context.

**Option C: Rotavirus**
- There is no information provided about rotavirus undergoing genetic recombination with another virus from the same family to produce a new strain. Therefore, this option can be ruled out.

**Option D: Vaccinia Virus**
- The Background Context provides information about the vaccinia virus, which is a member of the poxvirus family. Poxviruses are known to undergo genetic recombination, particularly through processes like interchromosomal recombination and intrachromosomal recombination. The context suggests that genetic recombination can lead to the production of novel viral strains. Given that the vaccinia virus belongs to the same family and the context supports genetic recombination, this option aligns well with the proposed mechanism.

**Conclusion:**
Answer: D (Vaccinia virus)

The reasoning is based on the fact that the vaccinia virus is a member of the poxvirus family, which is known to undergo genetic recombination, and the context supports the idea of genetic recombination leading to the production of novel viral strains."
15,Diagnosis,False,A,B,"['cholecystitis', 'gallbladder cancer', 'choledocholithiasis', 'pancreatitis', 'CT scan interpretation']",Cholecystitis (https://en.wikipedia.org/wiki/Cholecystitis) | Gallbladder cancer (https://en.wikipedia.org/wiki/Gallbladder_cancer) | Common bile duct stone (https://en.wikipedia.org/wiki/Common_bile_duct_stone) | Pancreatitis (https://en.wikipedia.org/wiki/Pancreatitis) | CT scan (https://en.wikipedia.org/wiki/CT_scan),"Reasoning:
1. **Source Check**: The background context provides information about cholecystitis, gallbladder cancer, choledocholithiasis, and pancreatitis. The CT scan showing a calcified mass near the gallbladder is a key finding here.

2. **Analysis**: The patient's symptoms include severe abdominal pain, back pain, nausea, and vomiting. These symptoms are consistent with cholecystitis, as well as choledocholithiasis and possibly pancreatitis. However, the presence of a calcified mass near the gallbladder is a significant finding.

3. **Evaluation**:
   - **Option A: Acute cholecystitis**: While the patient has a history of recurrent abdominal pain due to cholelithiasis, the current presentation could be consistent with acute cholecystitis. However, the calcified mass suggests a more chronic process rather than an acute episode.
   - **Option B: Gallbladder cancer**: The presence of a calcified mass near the gallbladder, especially given the patient's family history of abdominal cancer, makes gallbladder cancer a plausible diagnosis. However, the symptoms alone do not definitively point to this diagnosis without further investigation.
   - **Option C: Choledocholithiasis**: The calcified mass near the gallbladder could indicate choledocholithiasis, but the symptoms are more consistent with cholecystitis or pancreatitis.
   - **Option D: Pancreatitis**: The patient's symptoms, including severe abdominal pain, back pain, nausea, and vomiting, are also consistent with pancreatitis, especially considering the common cause of acute pancreatitis (gallstone blockage).

4. **Conclusion**: Given the presence of a calcified mass near the gallbladder, gallbladder cancer should be considered. However, the symptoms are more consistent with cholecystitis or pancreatitis. To exclude these conditions, the most appropriate initial step would be to focus on the most likely acute processes.

Answer: **A: Acute cholecystitis**

Explanation: The calcified mass near the gallbladder is a significant finding, but the patient's symptoms are more consistent with acute cholecystitis or pancreatitis. Excluding acute cholecystitis would help differentiate between these possibilities and guide further management."
16,Mechanism,True,D,D,"['asthma', 'mediators of asthma', 'IL-4', 'class switching of antibodies', 'seasonal asthma']",Asthma (https://en.wikipedia.org/wiki/Asthma) | Ilyushin Il-4 (https://en.wikipedia.org/wiki/Ilyushin_Il-4) | Immunoglobulin class switching (https://en.wikipedia.org/wiki/Immunoglobulin_class_switching) | Allergen (https://en.wikipedia.org/wiki/Allergen),"Reasoning: 
1. **Source Check**: The Background Context provided includes information about asthma, allergens, and immunoglobulin class switching. The experimental therapy mentioned targets a mediator that favors class switching of antibodies, which would reduce the exaggerated response during asthmatic attacks. This information aligns with the description of IL-4, which is known to promote class switching to IgE, the antibody involved in allergic reactions.

2. **Analysis**: The patient's symptoms are more prominent in springtime, especially when new flowers are blooming, indicating a seasonal allergy likely to pollen. His mother has a backyard garden, and he experiences chest tightness and shortness of breath when playing there, suggesting exposure to an allergen like pollen. This scenario points towards an allergic reaction, consistent with asthma triggered by allergens.

3. **Evaluation**:
   - **Option A: IL-2**: IL-2 is a cytokine that plays a role in T-cell activation and proliferation. It does not directly influence class switching of antibodies and is not typically associated with allergic responses or asthma.
   - **Option B: IL-10**: IL-10 is an anti-inflammatory cytokine that inhibits the production of pro-inflammatory cytokines. It does not favor class switching of antibodies and is not the primary mediator in allergic asthma.
   - **Option C: IL-13**: IL-13 is a cytokine that promotes allergic inflammation and is involved in the pathogenesis of allergic asthma. It can induce class switching to IgE, which is relevant to the patient's condition.
   - **Option D: IL-4**: IL-4 is a cytokine that strongly promotes class switching to IgE, which is the primary antibody involved in Type I hypersensitivity reactions and allergic asthma. Given the patient's symptoms and the experimental therapy targeting class switching, IL-4 is the most likely candidate.

4. **Conclusion**: Based on the analysis, the experimental therapy is targeting IL-4, which favors class switching to IgE, thereby reducing the exaggerated response during asthmatic attacks.

Answer: D"
17,Mechanism,True,D,D,"['Brief_resolved_unexplained_event', 'Infantile_cyanosis', 'Feeding_problems_in_infants', 'Upper_respiratory_infection_in_infants', 'Confounding_variables']",Brief resolved unexplained event (https://en.wikipedia.org/wiki/Brief_resolved_unexplained_event) | Thiamine deficiency (https://en.wikipedia.org/wiki/Thiamine_deficiency) | Feeding disorder (https://en.wikipedia.org/wiki/Feeding_disorder) | Respiratory syncytial virus (https://en.wikipedia.org/wiki/Respiratory_syncytial_virus) | Confounding (https://en.wikipedia.org/wiki/Confounding),"Reasoning: 

1. **Source Check**: The Background Context provided does not contain specific information about the methods used to control confounding bias in studies related to BRUE. Therefore, we need to rely on general knowledge about controlling confounding in epidemiological studies.

2. **Analysis**: The patient presented with symptoms consistent with BRUE, which is characterized by episodes of altered color, breathing, and responsiveness that resolve without an obvious explanation. The pediatrician recruited 75 infants with BRUE and 75 without BRUE, matching them for age, socioeconomic background, and family history of medical illness. This suggests that the study aimed to control for these potential confounders.

3. **Evaluation**:
   - **Option A: Blinding** - Blinding refers to the process of concealing the allocation of participants to different groups from the participants themselves, the researchers, or both. While blinding can reduce bias in the assessment of outcomes, it does not directly address the matching of confounders in this scenario.
   - **Option B: Restriction** - Restriction involves limiting the study population to those who meet certain criteria, which can help control for confounding but is not the method used here since the study included both cases and controls matched on multiple variables.
   - **Option C: Randomization** - Randomization involves assigning participants to different groups using a random process, which can help control for confounding by balancing known and unknown confounders across groups. However, the study did not describe random assignment; instead, it matched participants on specific characteristics.
   - **Option D: Matching** - Matching involves selecting controls that are similar to cases on specific characteristics (in this case, age, socioeconomic background, and family history of medical illness). This method directly addresses the confounders mentioned in the study design.

4. **Conclusion**: Given that the study matched the cases (infants with BRUE) and controls (infants without BRUE) on age, socioeconomic background, and family history of medical illness, the method used to control for confounding bias in this study was matching.

Answer: D"
18,Treatment,False,C,B,"['Pleuritic chest pain', 'Pericarditis', 'Treatment of pericarditis', 'Epidemiology of pericarditis', 'Third sound of heart']",Chest pain (https://en.wikipedia.org/wiki/Chest_pain) | Pericarditis (https://en.wikipedia.org/wiki/Pericarditis) | Third heart sound (https://en.wikipedia.org/wiki/Third_heart_sound),"Reasoning:
1. **Source Check**: The Background Context provides information about chest pain, pericarditis, and other conditions. Given the patient's symptoms, we need to determine if they align with any of these conditions.

2. **Analysis**:
   - The patient is a 29-year-old man presenting with central chest pain over the past 3 days, which is sharp, severe, and not related to exertion. This rules out typical angina pectoris, which is often associated with exertion.
   - The pain is positional, worsening when lying down and improving when leaning forward, which is characteristic of pericarditis.
   - The pain radiating to the shoulders and neck, along with the presence of a scratchy sound (pericardial friction rub) heard over the left sternal border during expiration, further supports the diagnosis of pericarditis.
   - The patient's vital signs and physical examination findings are consistent with pericarditis, and the chest X-ray being normal is also supportive.

3. **Evaluation**:
   - **Option A: Indomethacin +/- omeprazole**
     - Indomethacin is a nonsteroidal anti-inflammatory drug (NSAID) used to reduce inflammation and relieve pain. Omeprazole is a proton pump inhibitor used to reduce acid production, which can help prevent NSAIDs from causing gastric irritation.
     - While this could be a reasonable treatment, it is not the optimal therapy for pericarditis, especially given the patient's symptoms and the presence of a pericardial friction rub.
   
   - **Option B: Ibuprofen + colchicine +/- omeprazole**
     - Ibuprofen is another NSAID that can reduce inflammation and pain. Colchicine is used for gout and can be effective in reducing inflammation in certain types of pericarditis, particularly those caused by autoimmune conditions.
     - This combination might be more appropriate than indomethacin, but it still does not address the need for drainage in cases of large effusions or complications like cardiac tamponade.
   
   - **Option C: Pericardiocentesis**
     - Pericardiocentesis involves the insertion of a needle into the pericardium to drain fluid. This procedure is indicated in cases of large pericardial effusion causing cardiac tamponade or severe symptoms despite medical management.
     - Given the patient's symptoms and the presence of a pericardial friction rub, there is a possibility of a significant pericardial effusion leading to tamponade, making pericardiocentesis the optimal therapy.
   
   - **Option D: Pericardiectomy**
     - Pericardiectomy involves surgically removing the pericardium. This is an invasive procedure and is generally reserved for recurrent pericarditis or cases where pericardiocentesis fails to provide relief.
     - This is not the first-line treatment for this patient.

4. **Conclusion**:
   - The patient's symptoms and physical findings strongly suggest pericarditis, and the presence of a pericardial friction rub indicates the need for intervention to relieve the pressure on the heart.
   - Therefore, the optimal therapy for this patient is **pericardiocentesis** to relieve the symptoms and prevent potential complications.

Answer: C"
19,Diagnosis,False,B,D,"['alcoholic ketoacidosis', 'ethanol metabolism', 'ataxia', 'hypoglycemia symptoms', 'blood alcohol concentration']",Alcoholic ketoacidosis (https://en.wikipedia.org/wiki/Alcoholic_ketoacidosis) | Pharmacology of ethanol (https://en.wikipedia.org/wiki/Pharmacology_of_ethanol) | Ataxia (https://en.wikipedia.org/wiki/Ataxia) | Reactive hypoglycemia (https://en.wikipedia.org/wiki/Reactive_hypoglycemia) | Blood alcohol content (https://en.wikipedia.org/wiki/Blood_alcohol_content),"Reasoning: 

1. **Source Check**: The Background Context provided does not directly address the specific symptoms of the patient in question. However, we can use the information given about the patient's symptoms to analyze the options.

2. **Analysis of Patient Symptoms**:
   - Altered mental status (somnolent but responsive when aroused)
   - Alcoholic smell
   - Slurred speech
   - Diminished deep tendon reflexes bilaterally
   - Ataxic gait
   - Normal pupils
   - Blood alcohol concentration (BAC) of 0.04%

3. **Evaluation of Options**:
   - **Option A: Hypoglycemia**
     - Hypoglycemia typically presents with symptoms like sweating, palpitations, shakiness, and confusion, rather than the ataxia and altered mental status seen here. Additionally, the patient's BAC is low (0.04%), which is not indicative of severe hypoglycemia.
   
   - **Option B: Ethanol Intoxication**
     - The patient's symptoms align well with ethanol intoxication. The presence of an alcoholic smell, slurred speech, ataxia, and altered mental status are classic signs of ethanol intoxication. The BAC of 0.04% suggests early-stage intoxication, which can still cause these symptoms.
   
   - **Option C: Cannabis Intoxication**
     - While cannabis can cause altered mental status and some ataxia, the combination of an alcoholic smell and slurred speech is more characteristic of ethanol intoxication. Additionally, the BAC of 0.04% is not consistent with significant cannabis intoxication.
   
   - **Option D: Benzodiazepine Intoxication**
     - Benzodiazepine intoxication can cause drowsiness, confusion, and ataxia, but it would not typically produce the strong alcoholic smell and the specific pattern of neurological findings (diminished deep tendon reflexes and ataxic gait) seen in this patient. The BAC of 0.04% further supports that ethanol is the primary intoxicant.

4. **Conclusion**:
   Given the patient's symptoms and the low BAC, the most likely cause of the patient's symptoms is ethanol intoxication.

Answer: B"
20,Mechanism,False,D,C,"['Non-Hodgkin lymphoma', 'Diffuse large B-cell lymphoma', 'Axillary lymphadenopathy', 'Travel-related infections', 'Immunoblastic lymphoma']",Non-Hodgkin lymphoma (https://en.wikipedia.org/wiki/Non-Hodgkin_lymphoma) | Diffuse large B-cell lymphoma (https://en.wikipedia.org/wiki/Diffuse_large_B-cell_lymphoma) | Axillary lymphadenopathy (https://en.wikipedia.org/wiki/Axillary_lymphadenopathy) | Infection (https://en.wikipedia.org/wiki/Infection) | Lymphoma (https://en.wikipedia.org/wiki/Lymphoma),"Reasoning: 
1. **Source Check**: The Background Context provides information about non-Hodgkin lymphoma (NHL) and diffuse large B-cell lymphoma (DLBCL), but it does not directly link these conditions to specific risk factors like travel to Africa, axillary lymph node involvement, previous radiation therapy, or previous breast cancer. However, the context does provide relevant information about the clinical presentation and risk factors for NHL and DLBCL.

2. **Analysis**: The patient presents with fever, malaise, and night sweats, along with enlarged axillary lymph nodes. These symptoms align with the signs and symptoms of NHL, particularly DLBCL. The fine-needle aspiration biopsy results suggest a centroblastic and immunoblastic cell presence, which is consistent with DLBCL.

3. **Evaluation**:
   - **Option A: Travel to Africa**: While travel to Africa can increase the risk of certain infections and parasitic diseases, it is not a direct risk factor for developing DLBCL. The context does not indicate that travel to Africa is a significant risk factor for this specific type of lymphoma.
   - **Option B: Axillary lymph node involvement**: Axillary lymphadenopathy is a common symptom of lymphoma, including DLBCL. However, this is a symptom rather than a risk factor. The presence of enlarged axillary lymph nodes is more indicative of the disease rather than a cause.
   - **Option C: Previous radiation therapy**: Radiation therapy can increase the risk of developing secondary cancers, including lymphomas, due to DNA damage. However, the context does not specifically mention radiation therapy as a risk factor for DLBCL. Additionally, the patient's history of breast cancer treatment with radiation does not necessarily mean that this is the cause of her current condition.
   - **Option D: Previous breast cancer**: The patient has a history of breast cancer treated with radiation and chemotherapy. Breast cancer survivors have an increased risk of developing secondary cancers, including lymphomas. The context indicates that a history of the disease is a risk factor for Hodgkin lymphoma, but it does not explicitly state this for non-Hodgkin lymphoma. However, given the patient's history of breast cancer and the presence of lymphoma, this could be a contributing factor.

4. **Conclusion**: Among the given options, the most plausible risk factor for this patient's condition is her history of previous breast cancer. While the other options are either not directly linked to the development of DLBCL or are symptoms rather than risk factors, the patient's history of breast cancer and subsequent treatment with radiation and chemotherapy increases her risk of developing secondary cancers, including lymphomas.

Answer: D"
21,Mechanism,True,A,A,"['22q11 deletion syndrome', 'Atrial septal defect', 'Patent ductus arteriosus', 'Congenital heart disease']",DiGeorge syndrome (https://en.wikipedia.org/wiki/DiGeorge_syndrome) | Atrial septal defect (https://en.wikipedia.org/wiki/Atrial_septal_defect) | Patent ductus arteriosus (https://en.wikipedia.org/wiki/Patent_ductus_arteriosus) | Congenital heart defect (https://en.wikipedia.org/wiki/Congenital_heart_defect),"Reasoning: 
- The patient presents with symptoms of coughing, difficulty breathing during feeding, and reduced energy levels, which suggest a cardiac issue affecting the heart's function.
- The physical examination reveals a high-pitched holosystolic murmur best heard at the lower left sternal border, which is indicative of a defect involving the left side of the heart or the pulmonary circulation.
- According to the Background Context, DiGeorge syndrome (22q11.2 deletion syndrome) is characterized by congenital heart problems, including defects such as atrial septal defect (ASD) and patent ductus arteriosus (PDA).

Let's analyze each option:

A: 22q11 deletion - This is the correct answer according to the Background Context. DiGeorge syndrome, which involves a deletion on chromosome 22, commonly results in congenital heart defects like ASD and PDA, which can lead to the symptoms described.

B: Deletion of genes on chromosome 7 - There is no information in the Background Context suggesting that a deletion on chromosome 7 is associated with the patient's symptoms. Therefore, this option can be ruled out.

C: Lithium exposure in utero - The Background Context does not mention any association between lithium exposure and the patient's symptoms. Additionally, there is no evidence linking lithium exposure to congenital heart defects. Thus, this option can be rejected.

D: Maternal alcohol consumption - While maternal alcohol consumption can lead to various congenital anomalies, including heart defects, the Background Context does not provide any information about this risk factor being relevant to the patient's case. Therefore, this option can also be excluded.

Answer: A"
22,Diagnosis,True,C,C,"['Histoplasma capsulatum', 'Bronchoalveolar lavage', 'Dimorphic fungi', 'PAS staining', 'Blastomyces dermatitidis']",Histoplasma capsulatum (https://en.wikipedia.org/wiki/Histoplasma_capsulatum) | Bronchoalveolar lavage (https://en.wikipedia.org/wiki/Bronchoalveolar_lavage) | Dimorphic fungus (https://en.wikipedia.org/wiki/Dimorphic_fungus) | Periodic acid–Schiff stain (https://en.wikipedia.org/wiki/Periodic_acid%E2%80%93Schiff_stain) | Blastomyces dermatitidis (https://en.wikipedia.org/wiki/Blastomyces_dermatitidis),"Reasoning:
1. **Source Check**: According to the Background Context, Histoplasma capsulatum is a dimorphic fungus that causes pulmonary and disseminated histoplasmosis and is most prevalent in the Ohio and Mississippi River valleys. Additionally, bronchoalveolar lavage (BAL) using silver/PAS-staining showing macrophages filled with a dimorphic fungus with septate hyphae is consistent with Histoplasma capsulatum infection.
   
2. **Analysis**:
   - The patient's symptoms include a dry cough, chest discomfort, headaches, muscle aches, joint pain, fever, and chills, which are consistent with a systemic fungal infection.
   - The patient recently hiked in Mississippi, which is within the geographical distribution of Histoplasma capsulatum.
   - The laboratory studies and urinalysis were positive for polysaccharide antigen, which could indicate a fungal infection like Histoplasma capsulatum.
   - The bronchoalveolar lavage (BAL) using silver/PAS-staining showed macrophages filled with a dimorphic fungus with septate hyphae, which is characteristic of Histoplasma capsulatum.

3. **Evaluation**:
   - **Option A: Legionella pneumophila infection** - Legionella typically presents with a more acute onset of symptoms, including fever, cough, and gastrointestinal symptoms, and is less likely to show a dimorphic fungus on BAL.
   - **Option B: Pneumocystis pneumonia** - This is more common in immunocompromised individuals and presents with non-specific symptoms like cough and dyspnea, without the characteristic dimorphic fungus seen in BAL.
   - **Option C: Histoplasma capsulatum infection** - This matches all the clinical findings, including the geographical location, symptoms, and the microscopic findings in BAL.
   - **Option D: Blastomyces dermatitidis infection** - While Blastomyces can cause similar symptoms and is also found in the same geographical region, the specific microscopic findings of a dimorphic fungus with septate hyphae are more indicative of Histoplasma capsulatum.

4. **Conclusion**:
   Given the patient's recent travel history to an endemic area for Histoplasma capsulatum, the presence of systemic symptoms, and the microscopic findings of a dimorphic fungus with septate hyphae in the BAL, the most likely cause of the patient's symptoms is Histoplasma capsulatum infection.

Answer: C"
23,Mechanism,False,A,D,"['Streptococcus pneumoniae', 'Consolidation in lung', 'Pneumonia consolidation', 'Right lower lobe pneumonia']",Streptococcus pneumoniae (https://en.wikipedia.org/wiki/Streptococcus_pneumoniae) | Pulmonary consolidation (https://en.wikipedia.org/wiki/Pulmonary_consolidation) | Lobar pneumonia (https://en.wikipedia.org/wiki/Lobar_pneumonia) | Classification of pneumonia (https://en.wikipedia.org/wiki/Classification_of_pneumonia),"Reasoning: 
1. **Source Check**: The background context provides information about Streptococcus pneumoniae, pulmonary consolidation, and lobar pneumonia. These details are relevant to the patient's presentation.

2. **Analysis**: The patient is a 62-year-old who developed a fever and purulent cough after being hospitalized for a week due to a stroke. This suggests a recent immunocompromised state. On physical examination, there are basal crackles on the right side of the chest, and a chest radiograph shows a new consolidation on the same side. These findings are consistent with lobar pneumonia, specifically Streptococcus pneumoniae infection.

3. **Evaluation**:
   - **Option A: Streptococcus pneumoniae**
     - According to the source, Streptococcus pneumoniae is a significant human pathogen and a common cause of pneumonia. The patient's symptoms and imaging findings align well with lobar pneumonia caused by this organism.
   - **Option B: Mycobacterium tuberculosis**
     - Tuberculosis typically presents with chronic symptoms, including persistent cough, weight loss, and night sweats. The patient's acute onset of symptoms and the presence of consolidation on chest X-ray are less typical of tuberculosis.
   - **Option C: Haemophilus influenzae**
     - While Haemophilus influenzae can cause pneumonia, it is less common than Streptococcus pneumoniae and more often associated with specific risk factors like chronic obstructive pulmonary disease (COPD) or immunocompromised states. The patient's presentation is more consistent with Streptococcus pneumoniae.
   - **Option D: Staphylococcus aureus**
     - Staphylococcus aureus can cause pneumonia, particularly in immunocompromised patients or those with recent surgery. However, the patient's presentation is more consistent with the classic picture of Streptococcus pneumoniae infection, especially given the presence of consolidation on chest X-ray.

4. **Conclusion**: Based on the patient's recent hospitalization, immunocompromised state, fever, purulent cough, physical examination findings, and chest X-ray showing consolidation, the most likely causal microorganism is Streptococcus pneumoniae.

Answer: A"
24,Treatment,True,A,A,"['Asthma exacerbation', 'Methylprednisolone', 'Nebulized albuterol', 'Intubation indications']",Asthma (https://en.wikipedia.org/wiki/Asthma) | Methylprednisolone (https://en.wikipedia.org/wiki/Methylprednisolone) | Nebulizer (https://en.wikipedia.org/wiki/Nebulizer) | Intubation (https://en.wikipedia.org/wiki/Intubation),"Reasoning:
1. **Source Check**: The Background Context provided does not directly address the specific scenario of a child with severe asthma exacerbation who becomes lethargic after initial treatment. However, the context about asthma, methylprednisolone, and nebulizers provides relevant information.

2. **Analysis**: The patient is a 6-year-old boy with a history of asthma and eczema, presenting with worsening wheezing and shortness of breath, and has missed his medications for a week. He received nebulized albuterol and ipratropium, and intravenous methylprednisolone, but subsequently became limp and lethargic. This suggests a potential progression to a life-threatening condition such as status asthmaticus or anaphylaxis, especially given the history of missing medications and the severity of symptoms.

3. **Evaluation**:
   - **Option A: Intubate with mechanical ventilation**
     - Given the patient's current state of lethargy, decreased level of consciousness, and the presence of intercostal and subcostal retractions, there is a significant risk of respiratory failure. Intubation would ensure adequate ventilation and oxygenation.
   - **Option B: Perform needle thoracostomy at the 2nd intercostal space**
     - This option is not indicated unless there is evidence of pneumothorax, which is not mentioned in the case.
   - **Option C: Perform bronchoscopy**
     - Bronchoscopy is not typically the first-line intervention in this scenario. It is more invasive and not necessary for immediate stabilization.
   - **Option D: Provide additional dose of methylprednisolone**
     - While methylprednisolone is effective for reducing inflammation, the patient's current state suggests that the underlying issue might be more severe than just inflammation. Additional doses alone may not address the need for improved ventilation and oxygenation.

4. **Conclusion**: The most appropriate next step in management is to ensure adequate ventilation and oxygenation, which aligns with the need for intubation.

Answer: A"
25,Mechanism,True,D,D,"['Neutrophil_function', 'Aspergillus_infections', 'Pseudomonas_infections', 'Staphylococcus_aureus', 'Nitroblue_tetrazolium_test']",Neutrophil (https://en.wikipedia.org/wiki/Neutrophil) | Aspergillus (https://en.wikipedia.org/wiki/Aspergillus) | Pseudomonas (https://en.wikipedia.org/wiki/Pseudomonas) | Staphylococcus aureus (https://en.wikipedia.org/wiki/Staphylococcus_aureus) | Chronic granulomatous disease (https://en.wikipedia.org/wiki/Chronic_granulomatous_disease),"Reasoning: The patient's recurrent infections by Aspergillus species, Pseudomonas species, and Staphylococcus aureus, along with the failure of neutrophils to react during the nitroblue tetrazolium test, suggest a defect in the production of reactive oxygen compounds, particularly superoxide radicals, which are crucial for killing these pathogens.

1. **Immunoglobulin class switching (Option A)**: This process involves the modification of antibodies to switch from one class to another, which is not directly related to the production of reactive oxygen species. Therefore, this is unlikely to be the issue in this patient.

2. **Superoxide dismutase (Option B)**: Superoxide dismutase (SOD) is an enzyme that protects cells from oxidative damage by converting superoxide radicals into less harmful molecules. However, the nitroblue tetrazolium test specifically assesses the ability of neutrophils to produce superoxide radicals, not the breakdown of these radicals. Thus, while SOD is important for overall cellular protection, it is not directly indicated by the test result.

3. **Myeloperoxidase (Option C)**: Myeloperoxidase (MPO) is an enzyme involved in the production of hypochlorous acid from hydrogen peroxide and chloride ions, which is a key step in the respiratory burst. However, the nitroblue tetrazolium test measures the initial production of superoxide radicals, not the downstream steps involving MPO. Therefore, this is not the most likely dysfunction based on the given information.

4. **Respiratory burst (Option D)**: The nitroblue tetrazolium test evaluates the ability of neutrophils to produce superoxide radicals, which is a critical component of the respiratory burst. The respiratory burst is the rapid release of reactive oxygen species (ROS) from activated neutrophils, which is essential for their antimicrobial activity. Given that the patient's neutrophils fail this test, it strongly suggests a defect in the respiratory burst.

Answer: D (Respiratory burst)"
26,Mechanism,True,D,D,"['croup', 'steeple sign', 'Kawasaki disease']",Croup (https://en.wikipedia.org/wiki/Croup) | Steeple sign (https://en.wikipedia.org/wiki/Steeple_sign) | Kawasaki disease (https://en.wikipedia.org/wiki/Kawasaki_disease),"Reasoning: 
The patient presents with a 'cough-like-a-seal bark' and inspiratory stridor, along with suprasternal and intercostal retractions, indicating significant respiratory distress. The history of worsening symptoms over a few hours, combined with the physical findings, strongly suggest croup, a viral infection that causes swelling in the trachea and larynx, leading to these characteristic symptoms.

1. **Increased interstitial markings** (Option A): This finding is more commonly associated with pneumonia or other interstitial lung diseases, not specifically with croup. Therefore, this is unlikely to be seen on the chest X-ray in this case.

2. **Lobar consolidation in the lingual** (Option B): Lobar consolidation is typically seen in bacterial pneumonia, not in croup. Since croup is a viral condition, this option is also unlikely.

3. **Thumbprint sign on the lateral image** (Option C): The thumbprint sign is a radiographic finding associated with tracheomalacia, not specifically with croup. Thus, this is not the expected finding in this scenario.

4. **Steeple sign** (Option D): According to Source [Croup], the steeple sign is a radiologic sign found on a frontal neck radiograph where subglottic tracheal narrowing produces the shape of a church steeple within the trachea. This sign supports a diagnosis of croup, especially when caused by paramyxoviruses. Given the patient's presentation consistent with croup, this is the most likely finding on the chest X-ray.

Answer: D"
27,Mechanism,True,A,A,"['Rifampin', 'Oral Contraceptives', 'Cytochrome_P450_3A4', 'Ethinylestradiol']",Rifampicin (https://en.wikipedia.org/wiki/Rifampicin) | Combined oral contraceptive pill (https://en.wikipedia.org/wiki/Combined_oral_contraceptive_pill) | CYP3A4 (https://en.wikipedia.org/wiki/CYP3A4) | Ethinylestradiol (https://en.wikipedia.org/wiki/Ethinylestradiol),"Reasoning: 

1. **Source Check**: According to the Background Context, rifampicin (rifampin) is an antibiotic used to treat bacterial infections, including tuberculosis. It is known to induce the activity of certain enzymes in the liver, particularly CYP3A4, which plays a crucial role in the metabolism of many drugs.

2. **Analysis**: The patient is a 26-year-old woman who has been taking oral contraceptives regularly but has now experienced a missed period despite regular use. This suggests a potential failure of the oral contraceptive due to altered drug metabolism. Additionally, she is currently undergoing treatment for pulmonary tuberculosis with rifampin as part of her regimen.

3. **Evaluation**:
   - **Option A: Induction of CYP3A4 by rifampin leading to decreased serum levels of ethinylestradiol and progesterone**
     - Rifampin is known to induce CYP3A4, which is responsible for metabolizing ethinylestradiol (a component of the oral contraceptive pill). This induction would lead to increased clearance of ethinylestradiol, potentially resulting in lower serum levels and thus reduced efficacy of the oral contraceptive.
   - **Option B: Induction of CYP2A6 by rifampin leading to increased inactivation of ethinylestradiol**
     - There is no evidence in the provided context suggesting that rifampin induces CYP2A6. Moreover, CYP2A6 is not typically involved in the metabolism of ethinylestradiol.
   - **Option C: Interference with the intestinal absorption of the oral contraceptive by pyrazinamide**
     - Pyrazinamide is an antibiotic used in the treatment of tuberculosis but does not have direct effects on the absorption of oral contraceptives. Therefore, this option is unlikely to be the cause of the contraceptive failure.
   - **Option D: Increased renal elimination of the progesterone component of the oral contraceptive by ethambutol**
     - Ethambutol is an antibiotic used in the treatment of tuberculosis and does not affect renal function in a way that would significantly alter the elimination of progesterone from the body. Thus, this option is also unlikely to be the cause of the contraceptive failure.

4. **Conclusion**: Based on the provided information and the analysis of each option, the most plausible mechanism for the failure of oral contraceptives in this patient is the induction of CYP3A4 by rifampin, leading to decreased serum levels of ethinylestradiol and progesterone.

Answer: A"
28,Diagnosis,True,D,D,"['Hemolytic Uremic Syndrome', 'Thrombotic Thrombocytopenic Purpura', 'E. coli O157:H7 Infection', 'Acute Kidney Injury', 'Hypertensive Crisis']",Hemolytic–uremic syndrome (https://en.wikipedia.org/wiki/Hemolytic%E2%80%93uremic_syndrome) | Thrombotic thrombocytopenic purpura (https://en.wikipedia.org/wiki/Thrombotic_thrombocytopenic_purpura) | Escherichia coli O157:H7 (https://en.wikipedia.org/wiki/Escherichia_coli_O157:H7) | Acute kidney injury (https://en.wikipedia.org/wiki/Acute_kidney_injury) | Hypertensive crisis (https://en.wikipedia.org/wiki/Hypertensive_crisis),"Reasoning:
1. **Source Check**: The background context provided includes information on Hemolytic-Uremic Syndrome (HUS), which is characterized by hemolytic anemia, acute kidney injury, and thrombocytopenia, often following an episode of bloody diarrhea. The patient's history of bloody diarrhea, decreased oral intake, and now lower extremity weakness and tingling fits the profile of HUS.

2. **Analysis**: The patient's symptoms of bloody diarrhea, decreased oral intake, and now lower extremity weakness and tingling suggest a progression of HUS. The initial symptoms of HUS include gastrointestinal symptoms such as bloody diarrhea, followed by kidney problems and low platelets. The new symptom of lower extremity weakness and tingling could indicate neurological involvement, which can occur in severe cases of HUS.

3. **Evaluation**:
   - **Option A: Gram stain positive CSF** - This would suggest meningitis, not HUS. HUS typically does not present with signs of meningitis.
   - **Option B: Peripheral eosinophilia** - While eosinophilia can be seen in some conditions, it is not a hallmark of HUS. HUS is more associated with thrombocytopenia and hemolysis.
   - **Option C: Xanthochromia on cerebrospinal fluid analysis** - Xanthochromia suggests subarachnoid hemorrhage, which is not typical in HUS unless there is concurrent intracranial bleeding, which is rare.
   - **Option D: Increased cerebrospinal fluid protein with normal cell count** - This finding is consistent with a vasculitic process affecting the central nervous system, which can occur in severe cases of HUS. The increased protein without a significant increase in cell count is characteristic of vasculitis without overt inflammation.

4. **Conclusion**: Given the patient's presentation and the progression of symptoms, the most likely lab finding in this scenario would be increased cerebrospinal fluid protein with a normal cell count, indicating a vasculitic process affecting the central nervous system.

Answer: D"
29,Treatment,False,A,C,"['Clubfoot', 'Metatarsus_adductus', 'Congenital_foot_deformities', 'Tarsometatarsal_capsulotomy', 'Oligohydramnios']",Clubfoot (https://en.wikipedia.org/wiki/Clubfoot) | Pigeon toe (https://en.wikipedia.org/wiki/Pigeon_toe) | Congenital limb deformities (https://en.wikipedia.org/wiki/Congenital_limb_deformities) | Oligohydramnios (https://en.wikipedia.org/wiki/Oligohydramnios),"Reasoning: 

1. **Source Check**: The Background Context provided does not directly address the specific condition described in the patient's case. However, we can infer from the description that the patient likely has a form of congenital clubfoot, given the inward turning of the forefoot, the presence of a skin crease just below the ball of the great toe, and the increased angle between the 1st and 2nd metatarsal bones on X-ray.

2. **Analysis**: The patient's symptoms suggest a congenital deformity of the foot, specifically involving the forefoot. The fact that tickling the lateral border of the foot leads to correction indicates a flexible deformity, which is characteristic of idiopathic clubfoot rather than a rigid deformity like arthrodesis would indicate. The absence of other abnormalities in the examination supports a primary focus on the foot deformity.

3. **Evaluation**:
   - **Option A: Foot abduction brace** - This is a common initial treatment for clubfoot, especially in the early stages. The brace helps to correct the deformity by keeping the foot in a corrected position. Given the patient's young age and the indication of a flexible deformity, this is a reasonable first step.
   - **Option B: Arthrodesis of the forefoot** - This surgical procedure involves fusing the bones of the forefoot, which is typically used for severe, rigid deformities that do not respond to non-surgical treatments. Since the deformity appears to be flexible and the patient is very young, this option is not appropriate at this stage.
   - **Option C: Reassurance** - While reassurance may be necessary for parents, it is not a treatment for the deformity itself. The patient requires active intervention to correct the deformity.
   - **Option D: Tarsometatarsal capsulotomy** - This procedure involves cutting the ligaments around the joint to allow for better alignment. It is generally used for more severe deformities or when other treatments have failed. Given the patient's young age and the indication of a flexible deformity, this is not the most appropriate initial treatment.

4. **Conclusion**: Based on the patient's age, the indication of a flexible deformity, and the need for early intervention to correct the deformity, the most appropriate next step in the management of this patient is a foot abduction brace.

Answer: A"
