id,is_correct,prediction,correct,self_rag_output
0,False,A,B,"Let's reason through this step-by-step:

1. **Understanding the scenario**: 
   - A junior orthopaedic surgery resident performed a carpal tunnel repair under the supervision of the department chairma..."
1,False,C,D,"Let's reason through this step-by-step:

1. **Symptom Analysis**:
   - The patient is experiencing a ringing sensation in his ear (tinnitus).
   - He recently completed a course of neoadjuvant chemoth..."
2,True,B,B,"Let's reason through the patient's symptoms step-by-step to determine the most likely cause of their symptoms:

1. **Clinical Presentation**:
   - The patient has decreased urinary output and malaise,..."
3,False,Unknown,D,"Let's reason through this step-by-step:

1. **Symptoms and Clinical Presentation:**
   - The patient is a 39-year-old woman with fever, chills, and left lower quadrant pain.
   - Vital signs indicate ..."
4,True,B,B,"Let's reason through the symptoms step-by-step:

1. **Symptoms Analysis**:
   - The patient is experiencing itchy, watery eyes for the past week.
   - He has been sneezing multiple times a day.
   - H..."
5,False,B,D,"Let's reason through the symptoms and context provided:

1. **Symptoms and History**:
   - The patient is a 39-year-old man presenting with progressively worsening chest pain and nausea.
   - The pain..."
6,False,A,C,"Let's reason through the symptoms step-by-step:

1. **Patient History and Symptoms**:
   - The patient is a 68-year-old male with a history of diabetes and peripheral artery disease.
   - He presents ..."
7,True,C,C,"Let's reason through this step-by-step:

1. **Symptom Analysis:**
   - The patient presents with acute chest pain, which is a classic symptom of acute coronary syndrome (ACS).
   - The ECG shows ST-se..."
8,False,D,B,"Let's reason through the scenario step-by-step:

1. **Patient Information**:
   - A 37-year-old woman requesting a change in birth control from OCPs to an IUD.
   - No current symptoms or abnormalitie..."
9,False,B,A,"Let's reason through the symptoms step-by-step:

1. **Patient History and Presentation**:
   - The patient is a 23-year-old woman who is embarrassed about the appearance of her nails.
   - She has no ..."
10,True,D,D,"Let's reason through this step-by-step:

1. **Patient Presentation**:
   - A 24-year-old G2P1 woman at 39 weeks' gestation presenting with painful contractions every 10 minutes for 2 hours.
   - No va..."
11,False,Unknown,D,"Let's reason through the patient's symptoms and medical history step-by-step to determine the most appropriate next step in management.

### Step 1: Analyze Symptoms and History
- **Fatigue, abdominal..."
12,False,C,B,"Let's reason through the symptoms and context provided:

1. **Symptoms Analysis**:
   - Worsening gait unsteadiness
   - Bilateral hearing loss
   - Intermittent tingling sensations on both cheeks

2...."
13,False,A,D,"Let's reason through this step-by-step:

1. **Symptom Analysis**:
   - The patient is a 47-year-old executive with no complaints and an unremarkable physical examination.
   - The only abnormal findin..."
14,False,D,C,"Let's reason through this step-by-step:

1. The question describes a process where two viruses from the same family co-infect a host cell, leading to the production of mixed genome segments that are t..."
15,False,Unknown,B,"Let's reason through the symptoms and context step-by-step:

1. **Symptoms Analysis**:
   - Severe abdominal pain for 2 hours
   - Dull pain in the back
   - Nausea and vomiting
   - Pain not related ..."
16,False,C,D,"Let's reason through the symptoms and context provided:

1. **Symptoms and Context**:
   - The patient is a 7-year-old boy with a history of asthma diagnosed at age 3.
   - His symptoms worsen in spri..."
17,True,D,D,"Let's reason through this step-by-step:

1. The scenario describes a study comparing two groups of infants: those with BRUE (Brief Resolved Unexplained Event) and those without BRUE, matched on age, s..."
18,False,Unknown,B,"Let's reason through the symptoms step-by-step to determine the optimal therapy for this patient.

1. **Symptoms Analysis:**
   - Central chest pain: Sharp, severe, constant, not related to exertion.
..."
19,False,B,D,"Let's reason through the symptoms step-by-step:

1. **Patient Presentation**:
   - Altered mental status (somnolent but responsive when aroused)
   - Alcoholic smell
   - Slurred speech
   - Diminishe..."
20,True,C,C,"Let's reason through the patient's case step-by-step:

1. **Symptoms and History**:
   - The patient is a 77-year-old woman presenting with fever, malaise, and night sweats.
   - She has observed an e..."
21,True,A,A,"Let's reason through the symptoms step-by-step:

1. **Symptoms Analysis**:
   - The infant is 3 months old and has symptoms of coughing, difficulty breathing during feeding, and appears less energetic..."
22,False,Unknown,C,"Let's reason through the symptoms step-by-step to determine the most likely cause of this patient's symptoms:

1. **Symptoms and History:**
   - Dry cough and chest discomfort for 3 days
   - Headache..."
23,False,Unknown,D,"Let's reason through the symptoms step-by-step to determine the most likely causal microorganism:

1. **Clinical Presentation**:
   - The patient is a 62-year-old who had a stroke one week prior.
   -..."
24,True,A,A,"Let's reason through the symptoms and context provided:

1. **Symptoms and History**:
   - A 6-year-old boy with a history of asthma and eczema.
   - Worsening wheezing and shortness of breath over th..."
25,True,D,D,"Let's reason through this step-by-step:

1. **Symptom Analysis**:
   - The patient is a 5-year-old female suffering from recurrent infections by Aspergillus species, Pseudomonas species, and Staphyloc..."
26,True,D,D,"Let's reason through the symptoms step-by-step:

1. **Symptoms Analysis:**
   - The patient is a 3-year-old boy presenting with a ""cough-like-a-seal bark"" and a high-pitched inspiratory noise.
   - Th..."
27,True,A,A,"Let's reason through this step-by-step:

1. The patient is a 26-year-old woman who has been taking oral contraceptives regularly but has experienced a missed period despite this. This suggests a poten..."
28,True,D,D,"Let's reason through the symptoms step-by-step:

1. **Initial Symptoms and History:**
   - Intermittent vomiting
   - 5-6 daily loose stools
   - Bloody stools
   - Decreased oral intake
   - Fever (1..."
29,False,A,C,"Let's reason through this case step-by-step:

1. **Symptom Description**:
   - The newborn has an inward turning of the left forefoot.
   - There's a concavity of the medial border of the left foot wi..."
30,False,Unknown,D,"Let's reason through the symptoms step-by-step to determine the most likely cause of this patient's symptoms:

1. **Symptoms and Physical Examination:**
   - Right upper abdominal pain and nausea over..."
31,False,D,C,"Let's reason through the symptoms step-by-step to determine the most likely underlying cause of the patient's symptoms.

1. **Symptoms and Context**:
   - The patient is a 72-year-old woman admitted t..."
32,True,D,D,"Let's reason through this case step-by-step:

1. **Symptoms and History:**
   - The patient presents with fever, intermittent rigors, night sweats, and progressive fatigue.
   - She had bacterial meni..."
33,False,Unknown,B,"Let's reason through the symptoms and context provided in the question step-by-step:

1. **Symptoms and History**:
   - The patient is a 50-year-old man with a 6-month history of increasingly frequent..."
34,False,B,A,"Let's reason through this step-by-step:

1. **Initial Assessment:**
   - The patient is a known IV drug user and has a history of methadone treatment.
   - He was found unresponsive at a homeless shel..."
35,True,A,A,"Let's reason through the symptoms step-by-step to determine the most likely diagnosis:

1. **Patient History and Symptoms:**
   - The patient is a 67-year-old man with a history of arthritis for 16 ye..."
36,False,C,D,"Let's reason through the symptoms step-by-step:

1. **Weight Loss and Weakness**:
   - The patient reports weight loss and weakness, which could be indicative of various conditions, including endocrin..."
37,False,D,A,"Let's reason through the symptoms step-by-step:

1. **Persistent Diarrhea**: This suggests an issue with the immune system, as it can lead to malabsorption and gut inflammation.
2. **Oral Candidiasis*..."
38,False,Unknown,D,"Let's approach this step-by-step:

1. First, we need to understand what a therapeutic index is. It's typically defined as the ratio of the effective dose (ED) to the toxic dose (TD). In this case, we ..."
39,True,A,A,"Let's reason through this step-by-step:

1. **Symptom Analysis**:
   - The patient is fluent while speaking, indicating preserved Broca's area function.
   - The patient can comprehend both one and tw..."
40,False,Unknown,C,"Let's reason through the symptoms step-by-step to determine the most likely diagnosis for this patient:

1. **Symptoms and History**:
   - The patient is a 27-year-old woman with a long history of phy..."
41,True,C,C,"Let's reason through the symptoms and context provided for this patient:

1. **Symptoms and History**:
   - Tingling and numbness in lower limbs for 2 weeks
   - Persistent leg pain not relieved by OT..."
42,True,A,A,"Let's reason through the symptoms step-by-step to determine the most likely etiology of this newborn's presentation:

1. **Symptoms and Presentation**:
   - Bilious vomiting (within the first 24-48 ho..."
43,False,A,B,"Let's reason through this step-by-step:

1. Understanding the locations:
   - Inferior vena cava: Carries deoxygenated blood from the lower body to the right atrium.
   - Coronary sinus: Drains deoxyg..."
44,False,B,A,"Let's reason through the patient's symptoms step-by-step:

1. **Heavy Menstrual Bleeding**:
   - The patient has increasingly heavy periods, soaking one super absorbent tampon every two hours for five..."
45,False,Unknown,D,"Let's reason through the symptoms step-by-step to determine the appropriate treatment for this patient:

1. **Symptoms and History**:
   - The patient has a history of public alcohol intoxication and ..."
46,True,C,C,"Let's reason through this step-by-step:

1. First, we need to identify the relevant information from the given data:
   - Primary endpoint: Death from cardiac causes
   - Medication 1: 134 deaths out ..."
47,False,Unknown,A,"Let's reason through the symptoms step-by-step to determine the most likely diagnosis:

1. **Symptoms and History**:
   - The patient has a 6-week history of tingling pain in the sole of his right foo..."
48,True,B,B,"Let's approach this step-by-step:

1. Reason through the symptoms:
   - The patient is a 29-year-old primigravid woman at 35 weeks' gestation.
   - She has an uncomplicated pregnancy history.
   - Fet..."
49,False,D,C,"Let's reason through this step-by-step:

1. The patient is a 67-year-old man with fever, shortness of breath, and bilateral infiltrates on chest X-ray. These symptoms are consistent with a viral pneum..."
50,True,D,D,"Let's reason through this step-by-step:

1. **Understanding the context**: We're dealing with a 65-year-old male being treated for anal carcinoma with external beam radiation therapy. This treatment i..."
51,True,A,A,"Let's reason through the patient's symptoms and test results step-by-step:

1. **Symptoms and History**:
   - Progressive fatigue
   - New onset muscle cramps
   - Hypertension (174/111 mmHg)
   - No ..."
52,True,D,D,"Let's reason through the symptoms step-by-step:

1. **Symptoms and Findings**:
   - The patient is a 65-year-old man with a 1-week history of yellowish discoloration of the skin and generalized prurit..."
53,False,B,C,"Let's reason through this step-by-step:

1. **Symptom Analysis**:
   - The patient is a 72-year-old woman with a 6-month history of worsening short-term memory deficits and social withdrawal.
   - The..."
54,True,A,A,"Let's reason through the symptoms step-by-step:

1. **Symptoms Description**:
   - The patient is making an unusual smacking motion with his lips, pursing his mouth, and blinking excessively.
   - The..."
55,True,A,A,"Let's reason through this step-by-step:

1. **Symptom Analysis**:
   - The patient is a 17-year-old football player with no significant past medical history.
   - The main symptom is itching in the gr..."
56,True,C,C,"Let's reason through this step-by-step:

1. The patient is a 26-year-old man with newly diagnosed schizophrenia who has started risperidone therapy.
2. We need to consider the side effects of risperid..."
57,False,A,B,"Let's reason through the symptoms step-by-step to determine the most likely condition and the T-cell receptor involved:

1. **Symptoms Analysis**:
   - Fever (40.0°C)
   - Altered mental status
   - P..."
58,False,Unknown,C,"Let's reason through the symptoms step-by-step to determine the most likely diagnosis:

1. **Symptoms and History:**
   - The patient is a 2-year-old boy with pallor and increasing lethargy for 2 days..."
59,False,C,A,"Let's reason through the symptoms step-by-step:

1. **Patient History and Symptoms**:
   - The patient is a 17-year-old girl who has been visiting her dentist frequently for dental caries over the pas..."
60,True,C,C,"Let's reason through the symptoms step-by-step to determine the most likely causal organism:

1. **Symptoms Analysis**:
   - Fever (39.3°C or 102.8°F)
   - Chills
   - Abdominal pain
   - Profuse non-..."
61,True,A,A,"Let's reason through this step-by-step:

1. The patient was treated with metronidazole for a vaginal infection.
2. Metronidazole is an antibiotic commonly used to treat anaerobic bacterial infections ..."
62,False,B,D,"Let's reason through the patient's symptoms and laboratory findings step-by-step:

1. **Symptoms**:
   - The patient is a 23-year-old primigravida (first-time pregnant woman) who presents with increas..."
63,False,C,A,"Let's reason through this step-by-step:

1. **Symptom Analysis**:
   - The patient is an 80-year-old who recently underwent hernia surgery.
   - He has not passed urine since before the surgery and no..."
64,True,A,A,"Let's reason through the symptoms step-by-step:

1. **Symptoms Analysis**:
   - The patient is a 19-year-old man presenting with painless ""blisters"" in his mouth.
   - He describes a white film on his..."
65,True,B,B,"Let's reason through this step-by-step:

1. **Symptom Analysis**:
   - The patient is a 56-year-old man with a history of non-small cell lung cancer (NSCLC).
   - He describes subacute back pain that ..."
66,True,C,C,"Let's reason through the scenario step-by-step:

1. **Symptom Analysis**:
   - Severe abdominal pain and bilious vomiting for 6 hours
   - No bowel movement in the past 24 hours
   - Distended abdomen..."
67,True,B,B,"Let's reason through this case step-by-step:

1. **Patient History and Symptoms**:
   - A 3-week-old male newborn with poor weight gain since birth.
   - Born at 38 weeks' gestation via normal vaginal..."
68,False,Unknown,D,"Let's reason through this case step-by-step:

1. **Symptom Analysis:**
   - The patient is a 57-year-old female with a history of alcoholism.
   - She presents with bright red vomitus and black, tarry..."
69,True,A,A,"Let's reason through this case step-by-step:

1. **Patient History and Symptoms:**
   - 65-year-old man with a history of hypertension, obesity, and alcoholic cirrhosis.
   - Currently drinks 5 glasse..."
70,False,Unknown,A,"Let's reason through the symptoms step-by-step to determine the most likely precipitating factor for this patient's condition:

1. **Symptoms and History**:
   - The patient is a 66-year-old man with ..."
71,False,Unknown,A,"Let's reason through the symptoms step-by-step to determine the most likely diagnosis:

1. **Patient History and Presentation:**
   - The patient is a 27-year-old man who was involved in a head-on mot..."
72,False,Unknown,C,"Let's reason through the patient's symptoms and clinical presentation step-by-step:

1. **Symptoms and History:**
   - Progressive worsening of fatigue, malaise, fever, and abdominal pain.
   - Episod..."
73,False,Unknown,B,"Let's reason through the symptoms step-by-step to determine the best treatment option for this patient.

1. **Unintentional Weight Loss**: The patient has experienced a significant and unintentional w..."
74,False,A,C,"Let's reason through the symptoms step-by-step:

1. **Patient History and Symptoms**:
   - A 21-year-old man presents with pruritus and a hypopigmented rash on his upper body for 5 days.
   - The rash..."
75,False,C,A,"Let's reason through the symptoms step-by-step to determine the most likely chromosome abnormality responsible for this patient's disorder.

1. **Symptoms Analysis**:
   - **High-pitched mewing cry**:..."
76,True,B,B,"Let's reason through this case step-by-step:

1. **Patient History and Symptoms:**
   - A 62-year-old female with vaginal spotting and urinary urgency for 4 days.
   - No fever, abdominal pain, or dia..."
77,False,C,B,"Let's approach this step-by-step:

1. Reason through the symptoms:
   - The patient is a 59-year-old man with progressive joint pain.
   - There is swelling and tenderness over the first, second, and ..."
78,False,B,C,"Let's reason through the symptoms step-by-step to determine the most likely cause of the newborn's condition:

1. **Extreme Cyanosis at Birth**: The newborn is found to be extremely cyanotic immediate..."
79,False,D,C,"Let's reason through this case step-by-step:

1. **Patient Presentation:**
   - A 25-year-old male with a penetrating chest wound.
   - Unconscious, unable to provide history.
   - Vital signs: BP 85/..."
80,False,C,B,"Let's reason through the symptoms step-by-step to determine the most likely post-mortem findings:

1. **Age and Smoking History**:
   - The patient is 68 years old and has a 60-pack year smoking histo..."
81,False,C,A,"Let's reason through this step-by-step:

1. **Symptoms and Physical Exam Findings:**
   - The patient is a 54-year-old male with chronic fatigue.
   - He has well-controlled hypertension and diabetes,..."
82,True,C,C,"Let's reason through this step-by-step:

1. The patient is a 44-year-old African-American woman with no history of serious illness or medications.
2. She works in a law firm and travels to the Caribbe..."
83,False,B,A,"Let's reason through the symptoms step-by-step:

1. **Patient History and Symptoms**:
   - The patient is a 60-year-old woman with difficulty combing her hair in the morning.
   - Family history: Isch..."
84,True,C,C,"Let's reason through the patient's symptoms step-by-step:

1. **Symptoms and History**:
   - The patient is 30 years old and has been unable to conceive for 3 years.
   - She experiences episodic pelv..."
85,True,B,B,"Let's reason through this case step-by-step:

1. **Patient History and Symptoms:**
   - A 55-year-old truck driver with a history of tricuspid valve replacement, myocardial infarction, and hypertensio..."
86,True,C,C,"Let's reason through the symptoms step-by-step to determine the most appropriate next step in management for this patient:

1. **Symptom Analysis**:
   - The patient is a 30-year-old woman with pain d..."
87,True,C,C,"Let's reason through the symptoms step-by-step:

1. **Blood Pressure Reading**:
   - The patient's blood pressure is 130/90 mm Hg, which is slightly elevated but not in the hypertensive range (130/80 ..."
88,False,Unknown,C,"Let's reason through the symptoms step-by-step to determine the most likely diagnosis:

1. **Patient History and Initial Presentation:**
   - The patient was involved in a high-speed motor vehicle col..."
89,True,B,B,"Let's reason through the symptoms and clinical presentation step-by-step:

1. **Symptoms and Physical Exam Findings:**
   - The patient is a 26-year-old G1P0 woman presenting with anxiety, difficulty ..."
90,True,D,D,"Let's reason through the symptoms step-by-step to determine the most likely cause of the patient's symptoms.

1. **Symptoms and Clinical Findings:**
   - Intermittent loose stools for 3 weeks
   - Wei..."
91,True,B,B,"Let's reason through the symptoms and the given information step-by-step:

1. **Symptoms and Diagnosis**:
   - The patient is a 3-month-old girl with central cyanosis.
   - An echocardiogram revealed ..."
92,True,C,C,"Let's reason through the symptoms step-by-step:

1. **Patient History and Current Condition**:
   - A 79-year-old woman who recently underwent hip fracture surgery.
   - Agitated and confused.
   - Un..."
93,True,D,D,"Let's reason through the symptoms step-by-step to determine the most likely risk factor that predisposed this patient to the condition described.

1. **Patient History and Symptoms**:
   - The patient..."
94,False,Unknown,C,"Let's reason through the symptoms step-by-step:

1. **Initial Assessment**:
   - The patient has been stabbed in the left chest, presenting with rapid, shallow breathing and anxiety.
   - Vital signs ..."
95,True,D,D,"Let's reason through this step-by-step:

1. Symptom analysis:
   - The patient is asymptomatic at this visit.
   - He has a history of poorly controlled hypertension.
   - Palpable flank masses bilate..."
96,False,Unknown,A,"Let's reason through the symptoms step-by-step to determine the most likely mode of inheritance for this patient's condition.

1. **Symptoms Analysis:**
   - The patient is a 17-year-old female experi..."
97,True,B,B,"Let's reason through this step-by-step:

1. Symptoms Analysis:
   - Burning with urination
   - Penile discharge
   - Intermittent fevers
   - Gram-negative diplococci seen on urethral smear
   - Grow..."
98,False,A,B,"Let's reason through this step-by-step:

1. **Symptom Assessment**:
   - The patient was rear-ended in a motor vehicle accident.
   - He reported significant neck pain.
   - He denies weakness, numbne..."
99,True,B,B,"Let's reason through this step-by-step:

1. The patient is a 43-year-old man with a history of schizophrenia, currently controlled with medication.
2. He's experiencing abnormal discharge from both ni..."
100,False,Unknown,D,"Let's reason through the symptoms step-by-step to determine the most likely cause of the patient's condition:

1. **Clinical Presentation**:
   - The patient is a 2-day-old male newborn with jaundice...."
101,False,C,A,"Let's reason through the symptoms step-by-step:

1. **Symptoms Analysis**:
   - Gradually worsening rigidity of arms and legs
   - Slowness in performing tasks (bradykinesia)
   - Hand tremors that in..."
102,True,A,A,"Let's reason through the scenario step-by-step:

1. **Symptoms and Context**:
   - The patient was given prophylactic labetalol and magnesium sulfate.
   - Examination shows absent deep tendon reflexe..."
103,False,Unknown,A,"Let's reason through the symptoms step-by-step to determine the most likely diagnosis for this patient:

1. **Altered Mental Status**: The patient has decorticate posturing and incomprehensible speech..."
104,True,B,B,"Let's reason through the symptoms step-by-step to determine the most likely diagnosis:

1. **Symptoms and History**:
   - The patient is a 66-year-old male with increasing shortness of breath over the..."
105,True,B,B,"Let's reason through the symptoms step-by-step to determine the most likely diagnosis:

1. **Suicide Attempt**: The patient attempted suicide after a fight with her boyfriend, indicating a significant..."
106,False,A,B,"Let's reason through this case step-by-step:

1. **Patient History and Symptoms**:
   - The patient is a 50-year-old man who recently underwent inguinal hernia repair.
   - He reports no pain in the l..."
107,True,A,A,"Let's reason through this step-by-step:

1. **Symptom Analysis**:
   - The patient is 29 years old and has been trying to conceive for over 2 years without success.
   - Physical examination reveals t..."
108,True,D,D,"Let's reason through this case step-by-step:

1. **Patient Presentation:**
   - A 13-year-old boy with severe knee, hip, and groin pain.
   - Unable to bear weight on the left leg.
   - Limited range ..."
109,False,Unknown,B,"Let's reason through the symptoms step-by-step:

1. **Symptoms and History**:
   - Diarrhea and crampy abdominal pain for 5 weeks
   - Up to 4 bowel movements per day
   - Mucoid strings in stool
   -..."
110,False,Unknown,C,"Let's reason through the symptoms step-by-step to determine the most likely explanation for the findings:

1. **Symptoms and History**:
   - Fever, abdominal pain, and confusion
   - Refusal of hepati..."
111,True,B,B,"Let's reason through the symptoms step-by-step to determine the best course of action for this 18-month-old girl:

1. **Symptoms Analysis:**
   - Cough with hoarseness and rough sound
   - High-pitche..."
112,False,C,B,"Let's reason through the patient's symptoms step-by-step:

1. **Chief Complaint and History**:
   - The patient complains of retrosternal burning associated with eating, which has persisted for severa..."
113,False,Unknown,C,"Let's reason through the patient's symptoms and laboratory findings step-by-step to determine the correct answer.

1. **Symptoms**:
   - Worsening fatigue and shortness of breath on exertion for 6 mon..."
114,False,B,C,"Let's reason through the symptoms and lab results step-by-step:

1. **Symptoms**:
   - Muscle cramping
   - Decreased appetite
   - Diarrhea
   - Fast, shallow breathing
   - Abdominal pain (poorly lo..."
115,True,D,D,"Let's approach this step-by-step:

1. **Understanding the context**:
   - We're dealing with myosin-actin interactions in muscle tissue.
   - The drug selectively inhibits phosphate release by the myo..."
116,True,C,C,"Let's reason through the symptoms step-by-step to determine the most likely cause of the patient's condition:

1. **Seizure Disorder and Cognitive Delay**:
   - The patient has a seizure disorder and ..."
117,False,A,C,"Let's reason through the patient's symptoms and laboratory findings step-by-step:

1. **Symptoms and History**:
   - The patient is a 66-year-old man with a history of diabetic nephropathy, hypertensi..."
118,False,Unknown,D,"Let's reason through the symptoms and information provided:

1. **Patient History and Symptoms**:
   - 56-year-old man with a 1-year history of worsening shortness of breath and weight loss.
   - Form..."
119,True,C,C,"Let's reason through the symptoms and context provided:

1. **Symptoms and History**:
   - The patient is a 25-year-old zookeeper who takes care of various types of birds.
   - He presents with a dry ..."
120,False,A,D,"Let's reason through this step-by-step:

1. **Symptom Analysis**:
   - The patient is a 60-year-old female who had menopause 10 years ago.
   - She presented with vaginal bleeding, which led to a diag..."
121,True,A,A,"Let's reason through the symptoms and context provided for this case:

1. **Symptoms and Physical Examination:**
   - Progressive weight loss over 3 months
   - Night sweats and low-grade fever
   - G..."
122,True,D,D,"Let's reason through the case step-by-step:

1. **Patient History and Symptoms:**
   - The patient had fevers, headaches, myalgias, arthralgias, and a pruritic maculopapular rash early in the first tr..."
123,False,C,A,"Let's reason through this case step-by-step:

1. **Symptoms and History:**
   - Sudden onset of throbbing headache, tinnitus, nausea, and left-sided weakness.
   - Last two pregnancies ended in sponta..."
124,True,B,B,"Let's reason through the symptoms step-by-step:

1. **Congenital Hypothyroidism**:
   - Congenital hypothyroidism occurs when a baby is born with insufficient thyroid hormone production. This can lead..."
125,True,A,A,"Let's reason through the scenario step-by-step:

1. **Symptoms and History**:
   - The patient is a 33-year-old nurse who has a positive PPD skin test with 17 mm of induration.
   - She denies any sym..."
126,True,A,A,"Let's reason through the patient's symptoms step-by-step:

1. **Symptoms and History**:
   - The patient is an 81-year-old woman who fell after experiencing chest palpitations while climbing down the ..."
127,True,C,C,"Let's reason through this step-by-step:

1. **Symptom Analysis**:
   - The patient is a 67-year-old man with peripheral neuropathy.
   - Serum protein electrophoresis showed monoclonal gammopathy.
   ..."
128,False,Unknown,A,"Let's reason through the symptoms and context provided for this patient:

1. **Progressive Muscle Weakness**: The patient describes progressive muscle weakness in her shoulders and hips, along with di..."
129,False,Unknown,A,"Let's reason through the patient's presentation step-by-step:

1. **Symptoms and History**:
   - Sudden onset of blurry vision and double vision (diplopia).
   - Nausea, vomiting, and watery diarrhea...."
130,False,Unknown,B,"Let's approach this step-by-step:

1. **Symptoms and History:**
   - The patient is a 4-week-old female with increasing yellowing of eyes and skin for 2 weeks.
   - Stools have become pale over the pa..."
131,True,B,B,"Let's reason through the symptoms step-by-step:

1. **Patient History and Symptoms**:
   - The patient is a 43-year-old male who recently underwent a total thyroidectomy for papillary thyroid cancer.
..."
132,False,Unknown,A,"Let's reason through the symptoms step-by-step:

1. **Symptoms Analysis**:
   - The patient is a 68-year-old woman presenting with left lower quadrant pain that worsens with defecation.
   - She descr..."
133,True,B,B,"Let's reason through the patient's symptoms step-by-step:

1. **Symptoms Analysis**:
   - Erectile dysfunction (ED) for the past month.
   - Deep and burning buttock and hip pain when walking, relieve..."
134,False,C,A,"Let's reason through this step-by-step:

1. **Symptom Analysis**:
   - The patient is a 55-year-old man with a history of chronic glomerulonephritis due to IgA nephropathy.
   - He presents with bone ..."
135,True,C,C,"Let's reason through this step-by-step:

1. **Identifying the Cell Type**: The researcher isolated cells positive for CD8. CD8 is a marker for cytotoxic T lymphocytes (CTLs), which are a type of T cel..."
136,True,C,C,"Let's reason through the symptoms step-by-step:

1. **Patient History and Symptoms**:
   - The patient is a 61-year-old Caucasian male.
   - He reports chest pain that worsens with large meals and spi..."
137,False,A,D,"Let's reason through the patient's symptoms and clinical presentation step-by-step:

1. **Symptoms and History**:
   - Bilateral tearing and foreign body sensation
   - Occasional palpitations, nervou..."
138,True,B,B,"Let's reason through this step-by-step:

1. **Symptom Analysis**:
   - The patient is a 7-year-old boy with nocturnal enuresis (bed-wetting) that started around age 4 and has persisted.
   - There is ..."
139,False,B,D,"Let's reason through this step-by-step:

1. **Understanding the condition**: The question describes unilateral atrophy of neurons in the spinal cord. This suggests a lesion affecting one side of the s..."
140,True,C,C,"Let's reason through this step-by-step:

1. **Symptoms and History**:
   - The patient is a 24-year-old pregnant woman at 28 weeks gestation.
   - She presents with fever, chills, joint pain (knee and..."
141,True,A,A,"Let's reason through the symptoms and lab results step-by-step:

1. **Symptoms**:
   - Progressive fatigue and weakness
   - Amenorrhea (absence of menstruation for 4 months)
   - Never been pregnant
..."
142,True,A,A,"Let's reason through the symptoms step-by-step:

1. **Symptoms and History**:
   - The patient is a 67-year-old woman with non-Hodgkin lymphoma.
   - She is experiencing progressive numbness and tingl..."
143,True,B,B,"Let's reason through this step-by-step:

1. Symptoms:
   - The patient is a 68-year-old man with a 1-week history of painless hematuria.
   - CT scan shows areas of bladder wall thickening.
   - Cysto..."
144,True,C,C,"Let's reason through this case step-by-step:

1. **Symptom Analysis**:
   - The patient is a 14-year-old girl with short stature.
   - She is at the 2nd percentile for height and 35th percentile for w..."
145,False,Unknown,D,"Let's reason through this case step-by-step:

1. **Symptoms and History:**
   - The patient is a 5-year-old boy with facial swelling starting 5 days ago.
   - Two weeks ago, he had a sore throat that ..."
146,True,C,C,"Let's reason through the symptoms step-by-step to determine the most accurate description of this condition:

1. **Symptoms and Presentation**:
   - The patient is a 60-year-old man with confluent sca..."
147,True,D,D,"Let's reason through the symptoms step-by-step:

1. **Symptoms Analysis**:
   - The patient is experiencing significant stress and anxiety.
   - She finds it difficult to relax and concentrate.
   - S..."
148,True,B,B,"Let's reason through the symptoms step-by-step to determine the most likely diagnosis:

1. **Behavioral Changes**:
   - The patient has exhibited inappropriate behavior, including using foul language ..."
149,False,A,D,"Let's reason through this step-by-step:

1. **Symptom Analysis**:
   - The patient is an 11-month-old boy with a rash on his trunk.
   - The rash features thin-walled, fluid-filled blisters that ruptu..."
150,False,Unknown,A,"Let's reason through the symptoms and clinical presentation step-by-step to determine the most appropriate pharmacotherapy for this patient.

### Step 1: Analyze Symptoms and Clinical Presentation
- *..."
151,True,D,D,"Let's reason through the symptoms step-by-step:

1. **Intrauterine Heteroechoic Mass with Numerous Anechoic Spaces**:
   - This description suggests an intrauterine mass with areas of different echoge..."
152,False,D,A,"Let's reason through this step-by-step:

1. **Symptoms and Family History**:
   - The patient is a 75-year-old woman with symptoms of fever, headache, malaise, and dry cough.
   - Other family members..."
153,True,A,A,"Let's reason through the patient's symptoms and history step-by-step:

1. **Previous Suicide Attempt**:
   - The patient has a history of a deliberate overdose on sleeping pills three years ago. This ..."
154,True,C,C,"Let's reason through the symptoms step-by-step:

1. **Age and Symptoms**:
   - The patient is a 4-year-old boy.
   - He has a generalized rash that started 3 days ago.
   - The rash includes macules, ..."
155,False,Unknown,D,"Let's reason through the symptoms step-by-step to determine the most likely explanation for this patient's symptoms:

1. **History and Symptoms:**
   - The patient is 19 years old and had unusual beha..."
156,True,B,B,"Let's reason through this case step-by-step:

1. **Symptom Analysis**:
   - The patient presents with neck stiffness and inability to move the neck.
   - He reports that his neck ""locked"" three hours ..."
157,True,A,A,"Let's reason through this step-by-step:

1. The patient is a 13-month-old boy with hepatosplenomegaly and a milky appearance to his blood sample after refrigeration with a creamy supernatant layer on ..."
158,False,Unknown,C,"Let's reason through the patient's symptoms and medical history step-by-step to determine the most appropriate initial step in managing this patient.

### Step 1: Analyze the Symptoms and History
- **..."
159,True,B,B,"Let's reason through the symptoms step-by-step to determine the most likely diagnosis:

1. **Symptoms and History:**
   - Generalized weakness
   - Increased urination
   - Increased thirst
   - Frequ..."
160,False,Unknown,C,"Let's approach this step-by-step:

1. **Reason through the symptoms:**
   - The patient is a 5-year-old boy of African descent with intermittent episodes of jaundice, joint and bone pain since he was ..."
161,True,B,B,"Let's reason through the symptoms step-by-step:

1. **Symptoms and History**:
   - The patient is a 51-year-old woman with months of dry mouth and dry eyes.
   - She has difficulty swallowing food due..."
162,False,D,C,"Let's reason through the patient's symptoms and medical history step-by-step:

1. **Symptoms**:
   - Fatigue
   - Progressively worsening cough with flecks of blood
   - Shortness of breath
   - Dark ..."
163,False,D,A,"Let's reason through this step-by-step:

1. **Symptoms and History**:
   - The patient is a 32-year-old man with HIV infection.
   - He has a 2-week history of progressively worsening headache and vom..."
164,True,A,A,"Let's reason through the symptoms step-by-step:

1. **Patient History and Symptoms**:
   - A 70-year-old woman presents with burning pain in her upper right back and chest.
   - She has a history of h..."
165,False,A,B,"Let's reason through this step-by-step:

1. Understanding the context:
   - We're dealing with a fatal adrenal cancer.
   - The cancer has an average survival rate of 3 years after the onset of clinic..."
166,True,B,B,"Let's reason through this step-by-step:

1. **Patient History and Symptoms**:
   - The patient is a 60-year-old man who has been working in the glass manufacturing industry for 20 years.
   - He prese..."
167,False,Unknown,C,"Let's reason through the symptoms step-by-step to determine the most likely diagnosis:

1. **Patient History and Symptoms:**
   - The patient is a 43-year-old woman who recently lost her husband in a ..."
168,True,B,B,"Let's reason through the symptoms step-by-step to determine the most appropriate next step in managing this patient:

1. **Patient History and Symptoms**:
   - The patient is a 56-year-old homeless ma..."
169,False,Unknown,C,"Let's reason through the symptoms step-by-step to determine the most likely mechanism involved in this patient's symptoms:

1. **Symptoms and History**:
   - An 8-year-old girl presents with 2-day his..."
170,False,D,C,"Let's reason through this step-by-step:

1. The patient is a 25-year-old man presenting with altered mental status, found unconscious in the street. This suggests a potential neurological or metabolic..."
171,False,B,D,"Let's reason through the symptoms step-by-step:

1. **Intrauterine Growth Restriction (IUGR)**:
   - IUGR suggests that the fetus is smaller than expected for its gestational age. This could be due to..."
172,False,B,C,"Let's reason through this step-by-step:

1. **Symptom Analysis**:
   - The patient is an 83-year-old man with urosepsis, which is a serious infection that can lead to septic shock and multi-organ dysf..."
173,False,D,A,"Let's reason through this step-by-step:

1. **Symptom Analysis**:
   - The patient is a 26-year-old woman experiencing fatigue, weight loss, and muscle aches over the past 2 months.
   - These symptom..."
174,True,D,D,"Let's reason through this step-by-step:

1. **Understanding the Study Design**:
   - Asymptomatic patients were diagnosed via screening MRI.
   - Patients diagnosed after symptom onset were identified..."
175,True,D,D,"Let's reason through the symptoms step-by-step:

1. **Patient History and Initial Assessment:**
   - The patient was involved in a high-speed motor vehicle collision.
   - He is confused and unable to..."
176,True,D,D,"Let's reason through this step-by-step:

1. First, we need to understand what specificity means in the context of a diagnostic test:
   - Specificity refers to the proportion of true negatives that ar..."
177,False,Unknown,C,"Let's reason through the symptoms step-by-step to determine the most likely diagnosis:

1. **Patient History**:
   - Bilateral wrist and knee pain for 10 years.
   - Morning stiffness lasting approxim..."
178,False,A,D,"Let's reason through this step-by-step:

1. **Patient History and Symptoms**:
   - The patient experienced left-sided weakness after a chiropractic neck manipulation.
   - MRI shows a left C5 hemicord..."
179,False,A,C,"Let's reason through the symptoms step-by-step to determine the most likely cause of this patient's symptoms:

1. **Symptoms Analysis**:
   - Right-sided, dull, throbbing scrotal pain for 12 hours.
  ..."
180,False,Unknown,B,"Let's reason through the symptoms step-by-step to determine the most likely cause of this patient's condition:

1. **Symptoms and History:**
   - Sudden nose bleeding without trauma
   - Multiple brui..."
181,False,B,D,"Let's reason through this step-by-step:

1. The patient is a 6-year-old boy with dysuria (painful urination) and increased urinary frequency. These are common symptoms of a urinary tract infection (UT..."
182,True,B,B,"Let's reason through the symptoms step-by-step to determine the most likely etiology of this patient's condition:

1. **Age and Development**:
   - The patient is a 13-year-old boy, which places him i..."
183,True,D,D,"Let's reason through the patient's symptoms step-by-step to determine the most likely pathophysiology:

1. **Symptoms and History**:
   - Unilateral leg swelling and redness
   - Painful leg swelling ..."
184,False,D,A,"Let's reason through the symptoms step-by-step to determine the most appropriate treatment for this patient:

1. **Symptoms Analysis**:
   - Increasing forgetfulness over the past 5 weeks
   - Difficu..."
185,True,D,D,"Let's reason through this step-by-step:

1. **Symptom Analysis**:
   - The patient is an 18-month-old boy with an abdominal mass.
   - He appears markedly pale and lethargic.
   - A 6-cm, nonmobile ma..."
186,True,B,B,"Let's reason through this step-by-step:

1. **Understanding the Experiment Setup:**
   - The experiment involves charging a Lys-tRNA with valine instead of lysine.
   - This mischarged tRNA is inserte..."
187,True,B,B,"Let's reason through this step-by-step:

1. **Patient Profile**:
   - 65-year-old man with metastatic lung cancer
   - Experiencing severe, unremitting pain
   - Requires escalating doses of oral morp..."
188,False,C,D,"Let's reason through the symptoms step-by-step to determine the most likely diagnosis:

1. **Patient History and Symptoms**:
   - A 27-year-old man presents with left shoulder pain for several weeks.
..."
189,True,C,C,"Let's reason through the symptoms step-by-step:

1. **Patient History and Symptoms**:
   - The patient is a 17-year-old woman who has missed her period for 4 months.
   - She has a history of regular ..."
190,False,C,A,"Let's reason through the symptoms step-by-step to determine the best medication for the long-term management of this patient's condition.

1. **Symptom Analysis**:
   - Intermittent chest discomfort (..."
191,False,D,C,"Let's reason through the symptoms step-by-step:

1. **Stillbirth at 38 weeks**:
   - The fact that the stillbirth occurred at term (38 weeks) suggests that the fetus was fully developed but did not su..."
192,True,D,D,"Let's reason through the symptoms step-by-step:

1. **Understanding the Context**:
   - The study stratified the results based on CD4+ T-lymphocyte count at the time of diagnosis.
   - Among patients ..."
193,True,C,C,"Let's reason through this step-by-step:

1. **Identify the key roles of the factors:**
   - We need a factor that stimulates phagosome-lysosome fusion within macrophages.
   - This factor should also ..."
194,True,C,C,"Let's approach this step-by-step:

1. Reason through the symptoms:
   - The patient is a 3-year-old boy with abdominal pain and constipation lasting 3 weeks.
   - He has been increasingly irritable.
 ..."
195,True,C,C,"Let's reason through the symptoms step-by-step to identify the most likely bias influencing the results of this study.

1. **Understanding the Study Design**:
   - The study is a case-control study, c..."
196,False,D,A,"Let's reason through this step-by-step:

1. First, we need to understand the half-life and elimination rates of each anticoagulant:
   - Warfarin typically has a half-life of 20-30 hours.
   - Enoxapa..."
197,True,B,B,"Let's reason through the symptoms step-by-step to determine the most likely diagnosis:

1. **Symptoms and History:**
   - The patient is a 40-year-old woman who has felt weaker and lost some weight re..."
198,False,C,D,"Let's reason through the symptoms and context provided in the question step-by-step:

1. **Symptoms and History**:
   - A 28-year-old woman has been unsuccessfully trying to conceive for 2 years.
   -..."
199,False,D,C,"Let's reason through this step-by-step:

1. **Symptom Analysis**:
   - The patient is a 2-year-old girl with recurrent urinary tract infections (UTIs).
   - Renal ultrasound shows bilateral dilation o..."
200,True,A,A,"Let's reason through the symptoms step-by-step:

1. **Patient History and Symptoms**:
   - The patient is a 55-year-old man who recently lost his job and is facing foreclosure.
   - Found unresponsive..."
201,False,D,B,"Let's reason through this step-by-step:

1. **Symptom Analysis**:
   - The patient is a 17-year-old girl with severe acne vulgaris affecting her face, upper back, arms, and buttocks.
   - She has had ..."
202,False,B,C,"Let's reason through this step-by-step:

1. **Symptom Analysis**:
   - The patient presents with a lump in the neck that has been present for 2 weeks.
   - The nodule is fixed, immobile, and non-tende..."
203,False,D,A,"Let's reason through the symptoms step-by-step to determine the appropriate treatment for this patient:

1. **Symptoms Analysis:**
   - Severe headaches and fever suggest an infectious process.
   - P..."
204,False,A,B,"Let's reason through this step-by-step:

1. **Understanding Turner's Syndrome**:
   - Turner's syndrome is a genetic condition affecting females, resulting from the partial or complete absence of one ..."
205,True,B,B,"Let's reason through this step-by-step:

1. **Symptom Analysis**:
   - The patient suffered multiple stab wounds to the abdomen.
   - She had a Grade V splenic laceration, which required an emergent s..."
206,True,C,C,"Let's approach this step-by-step:

1. Understanding the question:
   - We're dealing with the inheritance pattern of mutations in the CFTR gene.
   - We need to determine which LOD score suggests a hi..."
207,True,A,A,"Let's reason through this step-by-step:

1. **Understanding CIN I**:
   - Cervical Intraepithelial Neoplasia (CIN) is a precancerous condition of the cervix.
   - CIN I specifically refers to mild dys..."
208,True,B,B,"Let's reason through this step-by-step:

1. First, we need to understand the context of the question. The question mentions that darunavir is particularly efficacious for HIV patients, but some experi..."
209,False,C,A,"Let's reason through the symptoms step-by-step:

1. **Patient History and Symptoms**:
   - A 58-year-old white man with a 3-month history of a painless lesion on his lower lip.
   - He has hypertensio..."
210,True,C,C,"Let's reason through this step-by-step:

1. **Understanding the Role of Rb Gene**:
   - The retinoblastoma (Rb) gene is a tumor suppressor gene that plays a crucial role in cell cycle regulation.
   -..."
211,False,Unknown,B,"Let's reason through the symptoms and clinical presentation step-by-step to determine the most appropriate next diagnostic step for this patient.

### Step 1: Analyze the Symptoms and Clinical Present..."
212,False,B,D,"Let's reason through this step-by-step:

1. Understanding the context:
   - The study involved 14 patients with femur fractures.
   - All patients achieved union without complications.
   - The study ..."
213,True,A,A,"Let's reason through the symptoms step-by-step to determine the most likely diagnosis:

1. **Patient Presentation**:
   - A 67-year-old woman presenting with a change in mental status, described as co..."
214,False,Unknown,B,"Let's reason through the symptoms step-by-step to determine the most likely cause of this patient's condition:

1. **Blood Glucose Level**: The patient's blood glucose level was found to be 35 mg/dL, ..."
215,False,B,C,"Let's reason through the patient's symptoms and the available options step-by-step:

1. **Symptom Analysis**:
   - The patient is a 45-year-old man with increased urinary frequency and decreasing urin..."
216,False,Unknown,D,"Let's reason through the symptoms step-by-step:

1. **Symptoms and History**:
   - Bilateral flank pain and reddish urine within the past month.
   - Daily use of aspirin for chronic tension headaches..."
217,True,C,C,"Let's reason through this case step-by-step:

1. **Patient History and Symptoms:**
   - A 37-year-old primigravid woman at 12 weeks' gestation.
   - Vaginal bleeding and dull suprapubic pain for 3 hou..."
218,True,D,D,"Let's approach this step-by-step:

1. Reason through the symptoms:
   - The patient is a 17-year-old female who accidentally eats a granola bar containing peanuts.
   - She develops pruritic (itchy) w..."
219,False,Unknown,A,"Let's reason through the symptoms step-by-step:

1. **Symptoms Analysis**:
   - Persistent cough with purulent sputum
   - Fever
   - Vomiting
   - Thick, foul-smelling stools
   - Weight loss
   - Le..."
220,False,B,C,"Let's reason through the symptoms step-by-step:

1. **Symptoms and History**:
   - The patient is a 48-year-old man with breathlessness for the past couple of weeks, difficulty walking a few blocks, a..."
221,False,C,A,"Let's reason through this step-by-step:

1. **Patient Background**:
   - Mother is HIV-positive with a low viral load (678 copies/mL) at 1 week prior to delivery.
   - Mother received triple antiretro..."
222,False,Unknown,C,"Let's reason through the symptoms step-by-step to determine the correct answer:

1. **Symptoms Analysis**:
   - Worsening shortness of breath
   - Increasing abdominal distention
   - Shortness of bre..."
223,True,A,A,"Let's reason through the symptoms step-by-step:

1. **Patient History and Symptoms**:
   - The patient is a 15-year-old girl.
   - She experiences episodic pelvic pain radiating to her back and thighs..."
224,True,B,B,"Let's reason through this step-by-step:

1. **Symptom Analysis**:
   - The patient presented with acute agitation, photophobia, and dysphagia.
   - These symptoms are consistent with rabies, particula..."
225,False,B,C,"Let's reason through this step-by-step:

1. **Symptom Analysis**:
   - The patient is a 19-year-old Caucasian male presenting with hypopigmented skin.
   - A skin biopsy shows an absence of melanocyte..."
226,False,Unknown,C,"Let's reason through the symptoms and context provided to determine the best treatment for this patient.

### Step 1: Reason Through the Symptoms

- **Initial Presentation**: The patient was asymptoma..."
227,False,B,C,"Let's reason through the patient's symptoms and laboratory findings step-by-step:

1. **Symptoms**:
   - Headache
   - Nausea
   - Decreased urination

2. **Laboratory Findings**:
   - Serum Na+ 136 m..."
228,False,Unknown,A,"Let's reason through the symptoms and lab findings step-by-step to determine the most likely diagnosis:

1. **Symptoms**:
   - Fatigue
   - Worsening headache
   - Malaise
   - Pain in hands and wrist..."
229,False,Unknown,D,"Let's reason through the symptoms and context step-by-step:

1. **Patient History and Symptoms**:
   - The patient is a 34-year-old woman admitted to ICU for septic shock and bacteremia from a urinary..."
230,False,Unknown,B,"Let's reason through the symptoms step-by-step to determine the most likely diagnosis:

1. **Symptoms and Physical Findings:**
   - Leg pain during play
   - Blood pressure difference between upper an..."
231,False,C,A,"Let's reason through this case step-by-step:

1. **Patient History and Symptoms:**
   - A 59-year-old man with a history of total knee arthroplasty 4 months ago.
   - Presenting with excruciating left..."
232,True,C,C,"Let's reason through the patient's symptoms and clinical presentation step-by-step:

1. **Symptoms and History:**
   - Fever, fatigue, and loss of appetite for 1 week
   - Right shoulder pain, general..."
233,True,A,A,"Let's reason through this step-by-step:

1. **Symptom Analysis**:
   - The patient is a 36-year-old recent immigrant from India.
   - He has thickened skin with multiple lesions.
   - He experiences l..."
234,False,Unknown,C,"Let's reason through the patient's symptoms and findings step-by-step:

1. **Symptoms and Physical Examination:**
   - A 3-month history of a progressively growing mass in the axilla.
   - Recurrent e..."
235,True,A,A,"Let's reason through the patient's laboratory findings step-by-step:

1. **Anti-HAV IgM Positive**: This indicates an active or recent infection with Hepatitis A Virus (HAV).

2. **Anti-HAV IgG Negati..."
236,True,A,A,"Let's reason through this step-by-step:

1. The patient is a 7-month-old male infant who develops severe sunburns even when using sunscreen. This suggests a genetic predisposition to sun sensitivity.
..."
237,False,C,B,"Let's reason through this case step-by-step:

1. **Patient Presentation:**
   - A 65-year-old man presents with a firm, symmetric, and stone-firm thyroid mass.
   - The mass has been present for about..."
238,True,A,A,"Let's reason through this step-by-step:

1. Understanding the terms:
   - Incidence refers to the number of new cases of SLE diagnosed within a specified time period.
   - Prevalence refers to the tot..."
239,False,C,A,"Let's reason through the symptoms step-by-step to determine the most appropriate test for confirming the diagnosis:

1. **Symptoms Analysis**:
   - Progressive weakness and shortness of breath over th..."
240,True,D,D,"Let's reason through this step-by-step:

1. **Symptom Analysis:**
   - The patient presents with a chronic cough lasting 6 months.
   - He has expectorated bloody sputum.
   - He reports fatigue after..."
241,False,D,B,"Let's reason through the symptoms step-by-step to determine the most likely diagnosis and the corresponding histological finding:

1. **Symptoms Analysis**:
   - The patient experiences intermittent a..."
242,True,A,A,"Let's reason through this case step-by-step:

1. **Patient History and Physical Exam:**
   - The patient is a 5-year-old female.
   - She has moderate persistent asthma requiring multiple courses of p..."
243,False,C,A,"Let's reason through this step-by-step:

1. **Symptom Analysis**:
   - The patient is a 61-year-old man who developed leg pain and general weakness after starting rosuvastatin 40 mg 8 weeks ago.
   - ..."
244,True,D,D,"Let's approach this step-by-step:

1. Analyzing the given information:
   - The specimen contains type II collagen and chondroitin sulfate.
   - Type II collagen is a major component of cartilage.
   ..."
245,False,Unknown,C,"Let's reason through the patient's condition step-by-step:

1. **Patient History and Initial Condition**:
   - The patient is a 70-year-old woman with a history of abdominal pain, nausea, and vomiting..."
246,False,B,A,"Let's reason through this case step-by-step:

1. **Patient History and Symptoms:**
   - 43-year-old man with a history of hepatitis C and current intravenous drug use.
   - Presenting with 5 days of f..."
247,True,D,D,"Let's approach this step-by-step:

1. Reason through the symptoms:
   - The patient has AIDS (CD4+ T-lymphocyte count < 500/mm³)
   - Intermittent fever, nonproductive cough, malaise, and weight loss ..."
248,False,D,B,"Let's reason through this step-by-step:

1. The patient is a 49-year-old woman who had a routine Pap smear showing atypical squamous cells, leading to a colposcopy and biopsy revealing carcinoma in si..."
249,True,B,B,"Let's reason through this step-by-step:

1. **Understanding the Test and Gold Standard:**
   - The imaging device detects CMV retinitis in 50% of the patients.
   - The gold standard (ophthalmologist ..."
250,False,D,A,"Let's reason through the symptoms step-by-step:

1. **Symptoms Analysis**:
   - The patient sets up bear traps around her property due to an ""invasion of the mole people.""
   - She wears a garlic neck..."
251,True,B,B,"Let's reason through the patient's symptoms and condition step-by-step:

1. **Symptoms and History**:
   - The patient is a 71-year-old man with urinary hesitancy and increasing nocturia over several ..."
252,False,B,A,"Let's reason through this step-by-step:

1. **Symptom Analysis**:
   - The patient is a 30-year-old computer programmer who experiences drowsiness at work despite getting adequate sleep at night.
   -..."
253,False,Unknown,D,"Let's reason through the symptoms step-by-step to determine the most likely cause of the mass in the patient's right scrotum.

1. **Patient History and Symptoms:**
   - The patient is a 40-year-old ma..."
254,True,A,A,"Let's reason through the patient's case step-by-step:

1. **Patient Presentation and History**:
   - A 62-year-old man with a history of type 2 diabetes mellitus and hypertension.
   - Recently underw..."
255,False,D,C,"Let's reason through this step-by-step:

1. **Understanding Thalassemia Intermedia**:
   - Thalassemia intermedia is a milder form of thalassemia where there is a partial reduction in the production o..."
256,False,B,C,"Let's reason through this step-by-step:

1. **Patient History and Physical Examination:**
   - The patient is a 68-year-old man who has been active and healthy since retiring.
   - He has no significa..."
257,True,D,D,"Let's reason through this step-by-step:

1. **Symptom Analysis:**
   - The neonate had high serum phenylalanine levels, indicating a defect in phenylalanine metabolism.
   - The special diet resolved ..."
258,False,Unknown,D,"Let's reason through the symptoms step-by-step to determine the most likely cause of the patient's current symptoms.

1. **Symptoms and Physical Exam Findings:**
   - Breathlessness, cough, and night ..."
259,True,D,D,"Let's reason through this step-by-step:

1. **Symptom Analysis**:
   - The patient is a 23-year-old woman who is asymptomatic.
   - She denies fever, chills, joint pain, or skin hyperpigmentation.
   ..."
260,False,Unknown,C,"Let's reason through the symptoms step-by-step:

1. **Symptoms and History**:
   - The patient is a 16-year-old girl with constant right lower quadrant (RLQ) pain for 8 hours.
   - The pain started in..."
261,True,C,C,"Let's reason through the patient's symptoms step-by-step:

1. **Symptoms and Timing**:
   - The patient presented 2-3 hours after consuming a meal at a barbecue.
   - The meal was arranged as a buffet..."
262,False,B,D,"Let's reason through this step-by-step:

1. **Symptoms and History:**
   - The patient is a 70-year-old man with a history of major depressive disorder and an ischemic stroke 4 months ago.
   - He pre..."
263,True,C,C,"Let's reason through the symptoms and select the best definitive treatment for this patient step-by-step:

1. **Symptom Analysis**:
   - The patient has an irrational and excessive fear of dogs.
   - ..."
264,True,A,A,"Let's reason through the symptoms step-by-step to determine the most likely direct cause of the patient's death:

1. **Initial Trauma and Surgery**:
   - The patient was involved in a severe construct..."
265,False,A,D,"Let's reason through this step-by-step:

1. **Symptom Analysis:**
   - The patient is a 76-year-old man with COPD, presenting with new-onset cough, progressive dyspnea on exertion, and significant wei..."
266,False,Unknown,A,"Let's reason through the symptoms step-by-step to determine the most likely arterial blood gas (ABG) findings for this patient.

1. **Symptoms and History**:
   - The patient is a 60-year-old man with..."
267,False,C,D,"Let's approach this step-by-step:

1. Reason through the symptoms:
   - Hemophilia A is an X-linked recessive disorder.
   - This means it's carried on the X chromosome and males are more frequently a..."
268,False,Unknown,D,"Let's reason through the symptoms step-by-step to determine which structure is most likely impaired in this patient:

1. **Progressively Worsening Hearing Loss**: This suggests a gradual decline in he..."
269,False,D,C,"Let's reason through this step-by-step:

1. **Symptom Analysis**:
   - The patient is a 13-year-old boy with severe eye pain and blurry vision.
   - He has worn soft contact lenses continuously for 2 ..."
270,True,C,C,"Let's reason through the symptoms step-by-step to determine the most likely finding in cerebrospinal fluid (CSF) analysis for this patient.

### Step 1: Analyze the Symptoms
- **Numbness and tingling ..."
271,False,D,B,"Let's reason through the symptoms and the provided information step-by-step:

1. **Symptoms and History**:
   - The patient is a 22-year-old primigravida (first-time pregnant woman) at 16 weeks gestat..."
272,True,C,C,"Let's reason through this step-by-step:

1. **Symptom Analysis**:
   - The patient is a 9-month-old boy with intermittent watery diarrhea.
   - He has eczematous dermatitis, which suggests an immune s..."
273,False,D,A,"Let's reason through the symptoms step-by-step to determine the most appropriate next step in diagnosis for this patient:

1. **Symptoms and History**:
   - 3-week history of abdominal bloating and in..."
274,True,A,A,"Let's reason through the symptoms step-by-step to determine the most likely diagnosis:

1. **Patient Characteristics and History:**
   - The patient is a 67-year-old white man with significant sun exp..."
275,True,A,A,"Let's reason through this step-by-step:

1. Reason through the symptoms:
   - The patient is a 56-year-old man with intermittent chest pain.
   - The pain is described as dull, burning, non-radiating ..."
276,False,Unknown,C,"Let's reason through this case step-by-step:

1. **Patient History and Symptoms:**
   - 69-year-old male with metastatic small cell lung carcinoma.
   - Responding well to etoposide and cisplatin.
   ..."
277,False,Unknown,D,"Let's reason through the symptoms step-by-step to determine the most likely explanation for this patient's deterioration in renal function.

1. **Patient History and Symptoms:**
   - 60-year-old man w..."
278,False,D,A,"Let's reason through this case step-by-step:

1. **Patient Presentation and History:**
   - A 62-year-old man with COPD and a significant smoking history.
   - Presenting with shortness of breath, fee..."
279,False,Unknown,B,"Let's reason through the patient's symptoms step-by-step:

1. **Symptoms and History:**
   - Low back pain and weakness for 4 weeks
   - Sharp, radiating, burning pain
   - Occasional cough with blood..."
280,True,B,B,"Let's reason through the patient's condition step-by-step:

1. **Symptoms and Background**:
   - The patient has a persistent fear of flying since adolescence.
   - The fear was triggered by a rough l..."
281,True,C,C,"Let's reason through this step-by-step:

1. **Symptom Analysis**:
   - The patient is a 75-year-old man presenting with a large, tense, pruritic bulla (blister) on his inner thighs, abdomen, and lower..."
282,True,A,A,"Let's reason through the symptoms step-by-step:

1. **Behavior During the Past 2 Years**:
   - The patient does not have friends and spends most of the time reading by herself.
   - She avoids family ..."
283,False,Unknown,A,"Let's reason through the symptoms step-by-step to determine the most likely cause of the patient's symptoms:

1. **Age and Symptoms**:
   - The patient is a 15-year-old boy.
   - He presents with shor..."
284,False,D,A,"Let's approach this step-by-step:

1. Reason through the symptoms:
   - The patient presents with difficulty breathing, easy fatigability, and bilateral leg swelling, which began 2 months ago.
   - Th..."
285,False,D,C,"Let's reason through the patient's symptoms and history step-by-step:

1. **Symptoms and History:**
   - Excessive fatigue and weakness for several weeks
   - Abdominal pain and constipation for the s..."
286,False,A,C,"Let's approach this step-by-step:

1. Reason through the symptoms:
   - The question doesn't provide specific symptoms of the newborn, but we need to consider how HIV is typically diagnosed in infants..."
287,False,B,A,"Let's reason through the symptoms and context provided:

1. **Patient History and Symptoms**:
   - 53-year-old man with a history of COPD.
   - Persistent cough for months.
   - Recent exacerbation wi..."
288,False,D,B,"Let's reason through the patient's symptoms step-by-step:

1. **Symptoms and History**:
   - The patient is an 8-year-old boy with headaches occurring in the morning, associated with nausea and vomiti..."
289,True,C,C,"Let's reason through this step-by-step:

1. **Symptom Analysis**:
   - The child has a 10-day history of unsteady gait and frequent falls.
   - There are twitching of the extremities.
   - Bilateral s..."
290,False,D,B,"Let's reason through this step-by-step:

1. Understanding the p-value:
   - The p-value represents the probability of observing a result at least as extreme as the one observed, assuming the null hypo..."
291,True,A,A,"Let's reason through the symptoms step-by-step to determine the most likely antibody present in this patient's blood:

1. **Clinical Presentation**:
   - Cord-like rash on the left calf that is red an..."
292,False,D,C,"Let's reason through this step-by-step:

1. **Symptom Analysis**:
   - The patient is a 28-year-old female with a new-onset diastolic murmur.
   - She has a large, pedunculated tumor in the left atriu..."
293,True,A,A,"Let's reason through the symptoms and context provided for this case:

1. **Symptoms and History**:
   - An 8-year-old girl presents with respiratory distress, facial edema, and a skin rash after eati..."
294,True,A,A,"Let's reason through this step-by-step:

1. The question states that the biopsy sample shows ""uniform squamous cells in layers"" from the mainstem bronchus.

2. To understand what this means, we need t..."
295,True,A,A,"Let's reason through the symptoms step-by-step:

1. **Irregular Periods**: This could indicate hormonal imbalances.
2. **Severe Facial Acne and Dense Black Hairs**: These are classic signs of hyperand..."
296,False,C,A,"Let's reason through the symptoms step-by-step:

1. **Patient History**: The patient is a 52-year-old fisherman who noticed a pigmented lesion on his neck that has been slowly growing over the past ye..."
297,False,Unknown,D,"Let's reason through the symptoms and context step-by-step to determine the most appropriate next step in management for this patient.

### Step 1: Analyze the Patient's Symptoms and History
- **Patie..."
298,True,D,D,"Let's reason through the symptoms step-by-step to determine the most likely diagnosis for this 18-month-old girl:

1. **Vaginal Bleeding**: The patient is experiencing vaginal bleeding, which is unusu..."
299,False,Unknown,B,"Let's approach this step-by-step:

1. Reason through the symptoms:
   - The patient is 72 years old and has unstable angina.
   - Cardiac catheterization shows an occlusion causing a 50% reduction in ..."
