id,category,is_correct,prediction,correct_answer,reasoning,examples_used
0,Treatment,False,A,B,"Reasoning: 

1. **Analyze the Patient's Symptoms and History**:
   - The patient had a carpal tunnel repair, during which a flexor tendon was inadvertently cut.
   - The attending physician downplayed the significance of the injury and suggested that it would not affect the patient's outcome.
   - The attending also instructed the resident to omit this information from the operative report.

2. **Evaluate Each Option Individually**:
   
   **Option A: Disclose the error to the patient and put it in the operative report**
   - This option is the most appropriate because it ensures transparency and honesty with the patient. Patients have a right to know about all aspects of their treatment, including any complications. Omitting such information can lead to mistrust and potential legal issues.
   - Additionally, including the complication in the operative report is a standard practice in medical documentation to ensure accurate and comprehensive records.

   **Option B: Tell the attending that he cannot fail to disclose this mistake**
   - While this option might seem reasonable, it could lead to conflict within the team and potentially escalate into a more serious issue. It is generally better to address the issue through proper channels rather than directly confronting the attending physician.
   
   **Option C: Report the physician to the ethics committee**
   - Reporting the attending physician to the ethics committee is an extreme measure and should be a last resort. It is not necessary in this situation where the resident can address the issue through normal reporting mechanisms within the hospital.
   
   **Option D: Refuse to dictate the operative report**
   - Refusing to dictate the operative report is not a viable option because it would disrupt the workflow and could lead to further complications in patient care. It is important to document the procedure accurately and completely.

3. **Conclusion**:
   - The most appropriate action for the resident is to disclose the error to the patient and include it in the operative report. This ensures that the patient is fully informed and that the medical record is accurate and comprehensive.

Answer: A",2143
1,Mechanism,False,B,D,"Reasoning: 

First, let's analyze the patient's symptoms and history. The patient is a 67-year-old man with transitional cell carcinoma of the bladder who recently completed a course of neoadjuvant chemotherapy. He now presents with a 2-day history of tinnitus (ringing sensation in the ear) and a sensorineural hearing loss of 45 dB on pure tone audiometry. This suggests that the chemotherapy may be causing ototoxicity, which can lead to hearing loss and tinnitus as side effects.

Next, we need to evaluate each option individually:

A: Inhibition of proteasome - Proteasome inhibitors are commonly used in cancer therapy, particularly in the treatment of multiple myeloma and certain types of lymphoma. However, they are not typically associated with ototoxicity. Therefore, this action is unlikely to be responsible for the patient's symptoms.

B: Hyperstabilization of microtubules - Drugs that hyperstabilize microtubules, such as taxanes (e.g., paclitaxel and docetaxel), are used in the treatment of various cancers, including bladder cancer. Taxanes have been reported to cause ototoxicity, leading to hearing loss and tinnitus. Given that the patient received neoadjuvant chemotherapy and the symptoms match those of ototoxicity, this is a plausible mechanism.

C: Generation of free radicals - Free radical-generating agents are often used in cancer therapy, particularly in combination with radiation therapy. However, they are not typically associated with ototoxicity. Therefore, this action is unlikely to be responsible for the patient's symptoms.

D: Cross-linking of DNA - DNA cross-linking agents, such as cisplatin and carboplatin, are commonly used in the treatment of various cancers, including bladder cancer. While these drugs can cause ototoxicity, they are less commonly associated with ototoxic side effects compared to taxanes. Therefore, this action is less likely to be responsible for the patient's symptoms.

Given the patient's recent chemotherapy and the symptoms of tinnitus and sensorineural hearing loss, the most likely cause of the ototoxicity is the hyperstabilization of microtubules by a taxane-based chemotherapy regimen.

Answer: B",1973
2,Diagnosis,False,C,B,"### Reasoning:

**Patient's Symptoms and History:**
- **Symptoms:** Decreased urinary output, malaise, mottled, reticulated purplish discoloration of the feet.
- **History:** Emergency cardiac catheterization with stenting for unstable angina pectoris, type 2 diabetes mellitus, osteoarthritis of the hips, medications include insulin, naproxen, aspirin, clopidogrel, and metoprolol.
- **Laboratory Findings:**
  - Leukocyte count: 16,400/mm³ (normal range: 4,000-11,000/mm³)
  - Segmented neutrophils: 56%
  - Eosinophils: 11%
  - Lymphocytes: 31%
  - Monocytes: 2%
  - Erythrocyte sedimentation rate (ESR): 68 mm/h (normal range: 0-20 mm/h)
  - Serum urea nitrogen: 25 mg/dL (normal range: 7-20 mg/dL)
  - Serum creatinine: 4.2 mg/dL (normal range: 0.6-1.2 mg/dL)
  - Renal biopsy shows intravascular spindle-shaped vacuoles.

**Evaluation of Each Option:**

**Option A: Renal Papillary Necrosis**
- **Likelihood:** Renal papillary necrosis is typically associated with hypercalcemia, hyperparathyroidism, or chronic use of NSAIDs like naproxen. The patient’s history of osteoarthritis and use of naproxen could be relevant, but the presence of eosinophils and intravascular spindle-shaped vacuoles in the renal biopsy is not typical for renal papillary necrosis.
- **Conclusion:** This is less likely given the specific findings in the renal biopsy.

**Option B: Cholesterol Embolization**
- **Likelihood:** Cholesterol embolization often presents with sudden onset of pain, swelling, and discoloration of the extremities, particularly after invasive procedures such as cardiac catheterization. The patient’s presentation fits this pattern.
- **Conclusion:** This is a strong candidate based on the clinical presentation and the history of recent cardiac catheterization.

**Option C: Eosinophilic Granulomatosis with Polyangiitis (EGPA)**
- **Likelihood:** EGPA is characterized by vasculitis involving small and medium-sized blood vessels, often presenting with asthma or allergic rhinitis followed by respiratory symptoms, and later with systemic involvement including renal involvement. The presence of eosinophilia (11%) and intravascular spindle-shaped vacuoles in the renal biopsy are consistent with EGPA.
- **Conclusion:** This is a strong candidate given the eosinophilia and the specific renal biopsy findings.

**Option D: Polyarteritis Nodosa**
- **Likelihood:** Polyarteritis nodosa (PAN) involves medium-sized arteries and can present with systemic symptoms, but it does not typically present with eosinophilia or the specific renal biopsy findings seen here.
- **Conclusion:** This is less likely given the specific findings in the renal biopsy and the eosinophilia.

**Conclusion:**
The most likely cause of the patient's symptoms is **eosinophilic granulomatosis with polyangiitis (EGPA)** due to the presence of eosinophilia and the specific renal biopsy findings.

**Answer: C**",2284
3,Treatment,True,D,D,"### Reasoning:

**Patient History and Symptoms:**
- A 39-year-old woman presents with fevers, chills, and left lower quadrant pain.
- Vital signs indicate sepsis (fever, tachycardia, tachypnea, hypotension).
- Blood oozing from a peripheral IV site suggests possible septic thrombophlebitis.
- Pelvic examination reveals mucopurulent discharge and left adnexal tenderness.
- Laboratory findings include:
  - Platelet count: 14,200/mm³ (low, indicating disseminated intravascular coagulation or sepsis)
  - Fibrinogen: 83 mg/dL (low, consistent with DIC)
  - D-dimer: 965 ng/mL (high, indicating widespread clotting)
- Specific identification of a phosphorylated N-acetylglucosamine dimer with 6 fatty acids attached to a polysaccharide side chain suggests a specific bacterial pathogen.

**Blood Culture Interpretation:**

**Option A: Coagulase-positive, gram-positive cocci forming mauve-colored colonies on methicillin-containing agar**
- This describes Staphylococcus aureus.
- While S. aureus can cause sepsis and thrombophlebitis, it does not typically produce the specific biochemical marker described (phosphorylated N-acetylglucosamine dimer).

**Option B: Encapsulated, gram-negative coccobacilli forming grey-colored colonies on charcoal blood agar**
- This describes Neisseria gonorrhoeae.
- N. gonorrhoeae can cause pelvic inflammatory disease (PID) and sepsis, but it does not produce the specific biochemical marker described.

**Option C: Spore-forming, gram-positive bacilli forming yellow colonies on casein agar**
- This describes Clostridium species.
- Clostridium species can cause sepsis and thrombophlebitis, but they do not produce the specific biochemical marker described.

**Option D: Lactose-fermenting, gram-negative rods forming pink colonies on MacConkey agar**
- This describes Escherichia coli (E. coli).
- E. coli is a common cause of sepsis and can produce the specific biochemical marker described (phosphorylated N-acetylglucosamine dimer with 6 fatty acids attached to a polysaccharide side chain), as it can produce lipopolysaccharides (LPS) that fit this description.

**Conclusion:**
The patient's presentation and laboratory findings strongly suggest a gram-negative rod infection, specifically E. coli, given the presence of the specific biochemical marker described.

**Answer: D**",2768
4,Treatment,True,B,B,"Reasoning: 

1. **Analyze Patient Symptoms and History:**
   - The patient presents with itchy, watery eyes and frequent sneezing for the past week.
   - He had a similar episode one year ago, which suggests a seasonal pattern.
   - He has iron deficiency anemia and ankylosing spondylitis, but these conditions do not directly relate to his ocular symptoms.
   - Current medications include ferrous sulfate (for iron deficiency), artificial tear drops (likely for dry eye), and indomethacin (a nonsteroidal anti-inflammatory drug).
   - The physical examination shows bilateral conjunctival injection and watery discharge, which are consistent with allergic conjunctivitis.

2. **Evaluate Each Option Individually:**

   - **Option A: Erythromycin ointment**
     - Erythromycin is an antibiotic used to treat bacterial infections.
     - The patient’s symptoms suggest an allergic reaction rather than a bacterial infection.
     - Therefore, this option is not appropriate.

   - **Option B: Ketotifen eye drops**
     - Ketotifen is an antihistamine and mast cell stabilizer commonly used to treat allergic conjunctivitis.
     - It helps relieve itching, redness, and watery discharge associated with allergies.
     - This option seems appropriate given the patient’s symptoms.

   - **Option C: Warm compresses**
     - Warm compresses are typically used for conditions like blepharitis or styes, where heat can help reduce inflammation and promote drainage.
     - The patient does not have any signs of blepharitis or other conditions requiring warm compresses.
     - Therefore, this option is not appropriate.

   - **Option D: Fluorometholone eye drops**
     - Fluorometholone is a corticosteroid used to reduce inflammation.
     - While it can be effective for severe allergic reactions, it is generally reserved for more severe cases and should be used cautiously due to potential side effects.
     - Given the mild nature of the patient’s symptoms, this option is not the first-line treatment.

3. **Conclusion:**
   - The most appropriate treatment for the patient’s symptoms of itchy, watery eyes and frequent sneezing is ketotifen eye drops, as they effectively manage allergic conjunctivitis without the need for systemic medications or unnecessary treatments.

Answer: B",2047
5,Treatment,True,D,D,"### Reasoning:

**Patient Presentation:**
- A 39-year-old man presenting with progressively worsening chest pain and nausea that started 30 minutes ago at a local bar.
- Pain radiates to the epigastric area.
- 5-year history of untreated hypertension.
- Smoked 1 pack of cigarettes daily for the past 5 years.
- Started abusing cocaine 2 weeks before the ER visit.
- Diaphoretic and in marked distress.
- Vital signs: Pulse 94/min, Respirations 28/min, Blood Pressure 161/92 mm Hg, Oxygen Saturation 97% on 2 L/min of oxygen via nasal cannula.
- Cardiac examination: Regular heartbeat, systolic ejection murmur over the upper right sternal border.
- Lungs clear to auscultation bilaterally.
- Pedal pulses intact.
- ECG shows inverted T waves in leads I, avL, and V5-6.
- Urine toxicology screening positive for cocaine.

**Analysis of Options:**

**A: Diltiazem**
- Diltiazem is a calcium channel blocker used to treat high blood pressure, angina, and certain heart arrhythmias.
- While it can be effective in managing hypertension and angina, it does not address the immediate need for pain relief or the potential acute coronary syndrome (ACS) given the patient’s symptoms and history of cocaine use.
- The presence of inverted T waves on the ECG suggests possible ischemia or infarction, which would require more immediate intervention.

**B: Labetalol**
- Labetalol is a non-selective alpha and beta adrenergic receptor blocker used to treat high blood pressure and angina.
- Similar to Diltiazem, it can manage hypertension but does not directly address the acute pain or potential ACS.
- The presence of cocaine use and the ECG findings suggest a need for more targeted therapy.

**C: Propranolol**
- Propranolol is a beta-adrenergic receptor blocker used to treat high blood pressure, angina, and certain heart arrhythmias.
- It can provide rapid relief of chest pain and reduce the workload on the heart.
- However, given the patient’s history of untreated hypertension and the presence of cocaine use, propranolol could potentially exacerbate hypotension or bradycardia, especially in the setting of cocaine-induced cardiovascular effects.
- Additionally, the ECG findings of inverted T waves suggest possible ischemia, and propranolol might worsen this condition.

**D: Reassurance and Continuous Monitoring**
- Given the patient’s presentation of severe chest pain, diaphoresis, and marked distress, immediate reassurance and continuous monitoring are crucial.
- Continuous monitoring allows for early detection of any changes in the patient’s condition, such as worsening pain, hypotension, or bradycardia.
- This approach ensures that the patient receives appropriate and timely interventions based on real-time observations.

**Conclusion:**
The first step in managing this patient should be **reassurance and continuous monitoring** to ensure that any changes in the patient’s condition are promptly addressed.

**Answer: D**",2083
6,Diagnosis,False,A,C,"### Reasoning:

**Patient's Symptoms and History:**
- **Right Flank Pain:** This could indicate a problem involving the right kidney or ureter.
- **History of Diabetes and Peripheral Artery Disease:** These conditions suggest atherosclerotic risk factors.
- **Blood Pressure:** Elevated blood pressure (160/90 mm Hg) could be due to renovascular hypertension.
- **Abdominal Tenderness and Right Flank Tenderness:** These findings suggest a possible obstruction or inflammation in the right side of the abdomen.
- **Ultrasound Findings:** Dilation of the right ureter and renal pelvis indicates upper urinary tract obstruction.

**Evaluation of Each Option:**

**Option A: Renal Artery Stenosis**
- **Likelihood:** Renal artery stenosis can lead to renovascular hypertension and subsequent renal ischemia, which can cause dilation of the ureter and renal pelvis due to reduced blood flow to the kidney.
- **Supporting Evidence:** The patient’s elevated blood pressure and history of atherosclerotic risk factors (diabetes and peripheral artery disease) strongly support this diagnosis.
- **Incorrect Options:**
  - **Benign Prostatic Hyperplasia (BPH):** While BPH can cause lower urinary tract symptoms and obstructive uropathy, it typically does not cause dilation of the ureter and renal pelvis.
  - **Common Iliac Artery Aneurysm:** This condition would more likely present with symptoms related to the lower extremities and may not directly affect the renal arteries or ureter.
  - **Urethral Stricture:** This condition primarily affects the lower urinary tract and would not explain the dilation of the ureter and renal pelvis.

**Conclusion:**
The most likely underlying cause of this patient's condition is **renal artery stenosis**.

**Answer: A**",2297
7,Treatment,True,C,C,"### Reasoning:

**Patient Profile:**
- **Age:** 65 years
- **Symptoms:** Acute chest pain, diaphoresis, tachycardia
- **History:** Hypertension, asthma, no significant past medical history provided
- **Medications:** Atorvastatin, lisinopril, albuterol inhaler
- **ECG Findings:** ST-segment depressions in leads II, III, and aVF
- **Laboratory Studies:** Increased serum troponin T concentration
- **Diagnosis:** Acute coronary syndrome (ACS)
- **Intervention:** Percutaneous transluminal coronary angioplasty (PTCA)

**Echocardiography:** Left ventricular ejection fraction (LVEF) of 58%

**Medication Regimen:**
- Aspirin (antiplatelet agent)

**Options:**
A: Nifedipine (calcium channel blocker)
B: Enoxaparin (anticoagulant)
C: Clopidogrel (antiplatelet agent)
D: Spironolactone (diuretic)

#### Evaluating Each Option:

**Option A: Nifedipine (Calcium Channel Blocker)**
- **Indication:** Nifedipine is commonly used to manage angina pectoris and hypertension.
- **Relevance:** While the patient has hypertension, the primary concern here is ACS and the need for antiplatelet and anticoagulant therapy rather than immediate management of hypertension.
- **Incorrect:** Not indicated as the primary treatment for ACS.

**Option B: Enoxaparin (Anticoagulant)**
- **Indication:** Enoxaparin is used to prevent and treat venous thromboembolism (VTE) and can be used perioperatively to reduce the risk of clot formation.
- **Relevance:** The patient has had ACS and PTCA, indicating a need for anticoagulation to prevent further thrombus formation and potential complications such as pulmonary embolism.
- **Correct:** Indicated for secondary prevention in patients with ACS who have undergone PTCA.

**Option C: Clopidogrel (Antiplatelet Agent)**
- **Indication:** Clopidogrel is used in combination with aspirin to provide dual antiplatelet therapy in patients with ACS and those undergoing PTCA.
- **Relevance:** The patient has already been treated with aspirin and has undergone PTCA, making dual antiplatelet therapy (aspirin + clopidogrel) appropriate to prevent platelet aggregation and thrombus formation.
- **Correct:** Indicated for secondary prevention in patients with ACS who have undergone PTCA.

**Option D: Spironolactone (Diuretic)**
- **Indication:** Spironolactone is used to manage fluid retention in conditions like heart failure and liver disease.
- **Relevance:** The patient’s LVEF is 58%, which is within normal range, and there is no indication of fluid retention or heart failure. Additionally, the primary concern is ACS and the need for antiplatelet and anticoagulant therapy.
- **Incorrect:** Not indicated for the primary management of ACS.

### Conclusion:
**Answer: C (Clopidogrel)**

**Explanation:**
The patient has been diagnosed with ACS and has undergone PTCA. The primary concerns are preventing platelet aggregation and thrombus formation. Therefore, adding clopidogrel to the existing aspirin regimen is the most appropriate choice for secondary prevention in this scenario.",1778
8,Diagnosis,True,B,B,"Reasoning: 

First, let's analyze the patient's request and the context provided. The patient is a 37-year-old woman who has been on oral contraceptive pills for 8 years and now wishes to switch to an intrauterine device (IUD). The physical examination is within normal limits, and there are no specific symptoms or findings that would suggest a contraindication to IUD placement at this time.

Now, let's evaluate each option individually:

**Option A: A history of stroke or venous thromboembolism**
- While a history of stroke or venous thromboembolism (VTE) can be a relative contraindication to hormonal contraceptives due to the risk of thrombotic events, it does not specifically contraindicate the use of a copper IUD. Copper IUDs do not contain hormones and therefore do not carry the same risks associated with VTE and stroke as hormonal contraceptives. Thus, this history alone would not make copper IUD placement contraindicated.

**Option B: Active or recurrent pelvic inflammatory disease (PID)**
- Pelvic inflammatory disease (PID) can lead to scarring and adhesions in the pelvis, which can complicate IUD insertion and increase the risk of complications such as perforation or expulsion. Therefore, active or recurrent PID would be a contraindication to IUD placement, as it poses a significant risk of complications.

**Option C: Past medical history of breast cancer**
- A history of breast cancer does not necessarily contraindicate the use of an IUD. Breast cancer itself does not affect the placement or function of a copper IUD. However, if the patient is currently on hormone therapy for breast cancer, then hormonal IUDs might be contraindicated, but a copper IUD would still be a viable option. Since the question specifies a copper IUD, this history would not make copper IUD placement contraindicated.

**Option D: Known liver neoplasm**
- A known liver neoplasm could potentially be a contraindication to hormonal contraceptives due to the risk of hormone-related side effects or complications. However, since a copper IUD does not contain hormones, a liver neoplasm would not be a contraindication to its placement. Therefore, this history would not make copper IUD placement contraindicated.

Based on the above analysis, the only history that would make copper IUD placement contraindicated is active or recurrent pelvic inflammatory disease (PID).

Answer: B",2060
9,Diagnosis,False,D,A,"Reasoning: The patient is a 23-year-old woman who presents with embarrassment about the appearance of her nails. She has no history of serious illness, takes no medications, and appears well overall. The key information here is that she is embarrassed about the appearance of her nails, which suggests a cosmetic issue rather than a systemic or serious condition. Given the context of onychomycosis, we need to consider the typical findings associated with this condition.

Let's evaluate each option individually:

A: Silvery plaques on extensor surfaces
- Silvery plaques are characteristic of psoriasis, particularly psoriasis vulgaris. This condition typically presents with silvery scales on the extensor surfaces of the elbows, knees, and scalp. It does not directly relate to onychomycosis, which affects the nails.

B: Flesh-colored papules in the lumbosacral region
- Flesh-colored papules in the lumbosacral region could suggest a variety of conditions such as seborrheic keratoses or other benign skin growths. However, these are not typically associated with onychomycosis, which primarily affects the nails.

C: Erosions of the dental enamel
- Erosions of the dental enamel would indicate a dental condition, possibly related to acid erosion or other oral health issues. This is unrelated to onychomycosis, which affects the nails and not the teeth.

D: Holosystolic murmur at the left lower sternal border
- A holosystolic murmur at the left lower sternal border is indicative of a heart condition, specifically mitral valve prolapse or regurgitation. This finding is not related to onychomycosis, which is a nail disorder.

Given the context of onychomycosis and the patient's presentation, none of the other options (A, B, C, or D) are directly related to the condition. The most likely additional finding in this patient, given the context of onychomycosis, would be nail changes consistent with the condition itself.

Answer: None of the provided options (A, B, C, or D) are directly related to onychomycosis. However, if we must choose the least inappropriate option, it would be D, as it is the least likely to be directly related to the patient's primary complaint of nail appearance. But strictly speaking, the correct answer should be that none of the options are relevant to onychomycosis.

In a real scenario, the patient's nail appearance would be the primary concern, and the most likely findings would be white or yellow nail discoloration, thickening of the nail, and separation of the nail from the nail bed, all of which are not listed in the provided options.",1297
10,Diagnosis,True,D,D,"### Reasoning:

**Patient's Symptoms and History:**
- A 24-year-old G2P1 woman at 39 weeks’ gestation presenting with latent labor (contractions every 10 minutes for the past 2 hours).
- No vaginal discharge, bleeding, or fluid leakage.
- Inconsistent use of condoms and unknown sexually transmitted infections (STIs) status.
- Prenatal care has been minimal.
- Rapid screening tests led to the administration of zidovudine during delivery and to the infant to reduce the risk of transmission.
- Confirmatory test for HIV was performed.

**Confirmatory Test for HIV:**
- The confirmatory test for HIV is typically a highly sensitive and specific test designed to detect antibodies or viral antigens.
- Zidovudine is used to reduce the risk of HIV transmission from mother to child during delivery, indicating a high suspicion of HIV infection.

**Evaluation of Each Option:**

**Option A: Southwestern blot, identifying the presence of DNA-binding proteins**
- **Incorrect:** A Southwestern blot is used to detect DNA-protein interactions, which is not relevant for diagnosing HIV. HIV is primarily diagnosed through antibody or antigen detection methods.

**Option B: Northern blot, identifying the presence of RNA**
- **Incorrect:** A Northern blot is used to detect RNA molecules, which is not relevant for diagnosing HIV. HIV is primarily diagnosed through antibody or antigen detection methods.

**Option C: Northern blot, identifying the presence of DNA**
- **Incorrect:** A Northern blot is used to detect RNA molecules, not DNA. HIV is primarily diagnosed through antibody or antigen detection methods.

**Option D: HIV-1/HIV2 antibody differentiation immunoassay**
- **Correct:** An HIV-1/HIV2 antibody differentiation immunoassay is a commonly used confirmatory test for HIV. It detects antibodies specific to HIV-1 and HIV-2, confirming the presence of the virus.

**Conclusion:**
The confirmatory test for HIV is an HIV-1/HIV2 antibody differentiation immunoassay.

**Answer: D**",2309
11,Diagnosis,True,D,D,"### Reasoning:

**Patient History and Symptoms:**
- **Age:** 72 years
- **Symptoms:** Fatigue, worsening abdominal pain, excessive night sweats, shortness of breath on exertion, weight loss (5.6 kg over 3 months)
- **Past Medical History:** Myocardial infarction 3 years ago, hypertension, diabetes mellitus, chronic bronchitis
- **Medications:** Insulin, aspirin, lisinopril, albuterol inhaler
- **Smoking History:** Half a pack of cigarettes for 45 years
- **Physical Examination:** Splenomegaly (6 cm below the left costal margin)
- **Laboratory Studies:**
  - Hemoglobin: 6.4 g/dL
  - Mean Corpuscular Volume: 85 μm³
  - Leukocyte Count: 5,200/mm³
  - Platelet Count: 96,000/mm³
- **Blood Smear:** Not specified, but given the context, it suggests a low number of red blood cells and possibly abnormal cells.
- **Bone Marrow Aspiration:** Extensive fibrosis and a few scattered plasma cells
- **JAK 2 Assay:** Positive

**Diagnosis:**
Given the extensive fibrosis, low hemoglobin, and JAK2 positivity, the most likely diagnosis is primary myelofibrosis (PMF).

**Management Options:**

**A: Cladribine**
- **Cladribine** is used primarily for the treatment of hairy cell leukemia and mantle cell lymphoma. It is not indicated for PMF.
- **Incorrect**: Cladribine is not appropriate for PMF.

**B: Prednisone**
- **Prednisone** is a corticosteroid used to suppress the immune system and reduce inflammation. It can be used in various conditions like asthma, COPD, and rheumatologic diseases, but it is not the first-line therapy for PMF.
- **Incorrect**: Prednisone is not the most appropriate treatment for PMF.

**C: Imatinib**
- **Imatinib** is used to treat chronic myeloid leukemia (CML) and gastrointestinal stromal tumors (GIST). It targets the BCR-ABL fusion protein, which is not relevant to PMF.
- **Incorrect**: Imatinib is not indicated for PMF.

**D: Ruxolitinib**
- **Ruxolitinib** is a Janus kinase (JAK) inhibitor used to treat intermediate or high-risk myelofibrosis, polycythemia vera, and steroid-refractory acute graft-versus-host disease. Given the JAK2 positivity and extensive fibrosis, ruxolitinib is the most appropriate treatment for PMF.
- **Correct**: Ruxolitinib is the most appropriate next step in management for this patient with PMF.

### Answer: D",2301
12,Diagnosis,False,C,B,"### Reasoning:

**Patient's Symptoms and History:**
- **Worsening gait unsteadiness and bilateral hearing loss for 1 month.**
- **Intermittent tingling sensations on both cheeks.**
- **Bilateral sensorineural hearing loss.**
- **Genetic evaluation shows a mutation of a tumor suppressor gene on chromosome 22 that encodes merlin.**

**Analysis of Each Option:**

**Option A: Renal cell carcinoma**
- **Context:** Renal cell carcinoma (RCC) is a type of kidney cancer that typically affects the kidneys and is more common in older adults, especially men.
- **Symptoms:** The patient's symptoms (gait unsteadiness, hearing loss, and tingling sensations) do not align with the typical presentation of RCC, which usually presents with flank pain, hematuria, or a palpable mass in the abdomen.
- **Conclusion:** Renal cell carcinoma is unlikely given the patient's young age and the specific neurological symptoms.

**Option B: Meningioma**
- **Context:** Meningiomas are tumors that arise from the meninges, the protective membranes covering the brain and spinal cord. They often present with neurological symptoms such as headaches, seizures, and focal neurological deficits.
- **Symptoms:** Bilateral sensorineural hearing loss and gait unsteadiness could be consistent with a meningioma, particularly if it involves the cerebellum or brainstem.
- **Conclusion:** While possible, the presence of a genetic mutation in a tumor suppressor gene (merlin) suggests a different etiology.

**Option C: Astrocytoma**
- **Context:** Astrocytomas are brain tumors that originate from astrocytes, the star-shaped glial cells in the brain. They can present with a variety of neurological symptoms including gait disturbances, hearing loss, and sensory abnormalities.
- **Symptoms:** Bilateral sensorineural hearing loss and gait unsteadiness are consistent with astrocytomas, especially if they involve the cerebellum or brainstem. The genetic mutation in the tumor suppressor gene (merlin) is also associated with neurofibromatosis type 2 (NF2), which is linked to bilateral vestibular schwannomas (acoustic neuromas) and astrocytomas.
- **Conclusion:** Given the genetic mutation in the tumor suppressor gene (merlin) and the specific symptoms, astrocytoma is a strong possibility.

**Option D: Vascular Malformations**
- **Context:** Vascular malformations involve abnormal development of blood vessels and can present with neurological symptoms but are less commonly associated with sensorineural hearing loss and gait unsteadiness.
- **Symptoms:** While vascular malformations can cause neurological symptoms, they are not typically associated with the specific combination of bilateral sensorineural hearing loss and gait unsteadiness seen in this patient.
- **Conclusion:** Vascular malformations are less likely given the specific symptoms and genetic mutation.

**Final Conclusion:**
The patient's symptoms and genetic mutation strongly suggest a diagnosis related to a brain tumor, specifically an astrocytoma, given the association with the NF2 gene and the presentation of sensorineural hearing loss and gait unsteadiness.

**Answer: C**",1790
13,Mechanism,True,D,D,"Reasoning: 

1. **Analyze the Patient's Symptoms and History**:
   - The patient is a 47-year-old executive with no current complaints and claims to be ""as fit as a fiddle.""
   - The physical examination findings include a mid-systolic murmur heard in the 2nd left intercostal space that radiates to the carotids on auscultation.
   - The physician instructs the patient to stand from a supine position with the stethoscope still placed on his chest.

2. **Evaluate Each Option Individually**:

   - **Option A: An increase in right atrial pressure**
     - Right atrial pressure is typically associated with right-sided heart failure or conditions affecting the right side of the heart, such as tricuspid regurgitation. However, the presence of a mid-systolic murmur radiating to the carotids suggests a left-sided heart issue, specifically involving the aortic valve or the right ventricle. Therefore, an increase in right atrial pressure is unlikely to be the primary mechanism causing the change in the murmur with the patient standing.

   - **Option B: An increase in pulmonary capillary wedge pressure**
     - Pulmonary capillary wedge pressure (PCWP) is a measure of left atrial pressure and is typically elevated in conditions like left-sided heart failure or mitral regurgitation. Since the murmur is mid-systolic and radiates to the carotids, it suggests a valvular issue rather than a left-sided heart failure condition. Thus, an increase in PCWP is not the likely cause of the change in the murmur with the patient standing.

   - **Option C: A reduction in the slope of the pacemaker potential**
     - The pacemaker potential refers to the electrical activity of the sinoatrial node. Changes in the slope of the pacemaker potential are not directly related to the auscultatory findings of a mid-systolic murmur. This option is unrelated to the cardiac auscultation findings and thus cannot be the correct answer.

   - **Option D: A reduction in diastolic filling time**
     - When a patient transitions from a supine to a standing position, there is a redistribution of blood due to gravity. In patients with aortic valve pathology, such as aortic stenosis, the murmur may become more prominent as the patient stands because the reduced diastolic filling time increases the pressure gradient across the aortic valve, making the murmur more audible. This is consistent with the clinical scenario described, where the murmur is mid-systolic and radiates to the carotids.

3. **Conclusion**:
   - The most plausible explanation for the change in the murmur when the patient stands is a reduction in diastolic filling time, which would make the murmur more prominent due to increased pressure gradients across the aortic valve.

Answer: D",1303
14,Mechanism,False,B,C,"Reasoning: 

The microbiologist's theory involves a process where a host cell is co-infected with two viruses from the same family, leading to the production of various genome segments from both viruses. These segments are then packaged into a unique and novel virus particle, which is both stable and viable. This process is essentially genetic reassortment, where genome segments from different viruses are mixed to form a new virus particle.

Let's evaluate each option:

**Option A: Epstein-Barr virus (EBV)**

- EBV is a double-stranded DNA virus and does not undergo genetic reassortment. It primarily causes infectious mononucleosis and is associated with certain cancers and autoimmune diseases. Therefore, it does not fit the described process of genetic reassortment.

**Option B: Human Immunodeficiency Virus (HIV)**

- HIV is a retrovirus that undergoes genetic reassortment through recombination during its replication cycle. However, the described process specifically involves the packaging of genome segments from two different viruses into a new particle, which is more characteristic of genetic reassortment rather than recombination. While HIV can undergo recombination, it does not typically package genome segments from different viruses into a single particle in the way described.

**Option C: Rotavirus**

- Rotavirus is a double-stranded RNA virus that belongs to the Reoviridae family. It does not undergo genetic reassortment in the manner described. Instead, it replicates its genome independently within the host cell without mixing segments from different viruses.

**Option D: Vaccinia virus**

- Vaccinia virus is a double-stranded DNA virus and is a member of the Poxviridae family. Like other poxviruses, it does not undergo genetic reassortment. It replicates its genome independently and does not mix segments from different viruses into a single particle.

Given the description of the process involving the packaging of genome segments from two different viruses into a new particle, the only virus that fits this description is one that can undergo genetic reassortment. Among the given options, none of them perfectly match the described process, but the closest fit would be a virus that can undergo genetic reassortment, which is not explicitly listed here. However, based on the context and the options provided, the closest match would be a virus that can undergo genetic reassortment, which is not explicitly listed among the options.

Answer: B",1534
15,Diagnosis,True,B,B,"### Reasoning:

**Patient Presentation:**
- **Age:** 59 years old
- **Symptoms:** Severe abdominal pain for the past 2 hours, dull pain in the back, nausea, and vomiting.
- **Past Medical History:** Recurrent abdominal pain due to cholelithiasis.
- **Family History:** Father died at the age of 60 with some form of abdominal cancer.
- **Physical Exam:** Unremarkable.
- **CT Scan:** Shows a calcified mass near the gallbladder.

**Analysis of Each Option:**

**A: Acute Cholecystitis**
- **Symptoms:** The patient has severe abdominal pain, dull pain in the back, nausea, and vomiting. These symptoms can be consistent with acute cholecystitis.
- **History:** Recurrent abdominal pain due to cholelithiasis suggests a history of gallstones, which can lead to cholecystitis.
- **CT Scan:** Calcified masses are commonly seen in chronic cholecystitis, where the gallbladder wall thickens over time.
- **Conclusion:** While possible, the presence of a calcified mass and recurrent cholelithiasis makes acute cholecystitis a likely diagnosis, but it needs to be evaluated further.

**B: Gallbladder Cancer**
- **Symptoms:** The patient’s symptoms (severe abdominal pain, dull pain in the back, nausea, and vomiting) can also be indicative of gallbladder cancer, especially given the family history of abdominal cancer.
- **CT Scan:** A calcified mass near the gallbladder could be a sign of chronic inflammation or calcification, but it could also be a tumor.
- **Family History:** The patient’s father’s death at 60 from abdominal cancer increases the likelihood of gallbladder cancer.
- **Conclusion:** Given the family history and the presence of a calcified mass, gallbladder cancer should be considered, but it needs to be ruled out before making a definitive diagnosis.

**C: Choledocholithiasis**
- **Symptoms:** Choledocholithiasis (stones in the bile duct) can cause severe abdominal pain, dull pain in the back, nausea, and vomiting. However, the patient’s symptoms are more consistent with cholecystitis rather than choledocholithiasis.
- **CT Scan:** A calcified mass near the gallbladder does not specifically indicate choledocholithiasis.
- **Conclusion:** While choledocholithiasis is a possibility, the symptoms and CT findings are more suggestive of cholecystitis.

**D: Pancreatitis**
- **Symptoms:** The patient’s symptoms (severe abdominal pain, dull pain in the back, nausea, and vomiting) can overlap with pancreatitis, but the location of the pain and the presence of a gallbladder-related mass make cholecystitis more likely.
- **CT Scan:** A calcified mass near the gallbladder is not a typical finding in pancreatitis.
- **Conclusion:** The symptoms and imaging findings are less consistent with pancreatitis compared to cholecystitis.

**Final Conclusion:**
Given the patient’s history of recurrent cholelithiasis, the presence of a calcified mass, and the typical symptoms of severe abdominal pain and dull back pain, the most likely diagnosis is acute cholecystitis. However, the family history of abdominal cancer necessitates ruling out gallbladder cancer first.

**Answer: B**",1991
16,Mechanism,False,C,D,"### Reasoning:

**Patient's Symptoms and History:**
- The patient is a 7-year-old boy who was diagnosed with asthma at age 3.
- He currently uses a β-agonist inhaler for symptom management.
- His symptoms are more prominent in spring, particularly when new flowers are blooming.
- He experiences chest tightness and shortness of breath when playing in his mother's garden.
- He is advised to avoid pollen and is being considered for an experimental therapy that targets a specific mediator involved in his asthmatic attacks.

**Experimental Therapy:**
- The experimental therapy aims to reduce the exaggerated immune response during asthmatic attacks by targeting a specific mediator.
- This mediator favors the class switching of antibodies, indicating it plays a role in the production of certain types of antibodies.

**Mediator Analysis:**

**Option A: IL-2**
- Interleukin-2 (IL-2) is a cytokine that primarily stimulates T-cell proliferation and activation.
- It does not directly influence antibody class switching.
- Therefore, IL-2 is unlikely to be the mediator targeted by the experimental therapy.

**Option B: IL-10**
- Interleukin-10 (IL-10) is an anti-inflammatory cytokine that suppresses the production of pro-inflammatory cytokines.
- While it can modulate immune responses, it does not specifically favor the class switching of antibodies.
- Thus, IL-10 is not the correct mediator for the experimental therapy.

**Option C: IL-13**
- Interleukin-13 (IL-13) is a cytokine that promotes allergic inflammation and asthma.
- It is known to favor the class switching of antibodies from IgG to IgE, which is a hallmark of allergic asthma.
- This aligns with the experimental therapy aiming to reduce the exaggerated immune response during asthmatic attacks.

**Option D: IL-4**
- Interleukin-4 (IL-4) is another cytokine that promotes allergic inflammation and asthma.
- Like IL-13, IL-4 also favors the class switching of antibodies from IgG to IgE.
- This makes IL-4 a strong candidate for the experimental therapy.

**Conclusion:**
Given that the experimental therapy targets a mediator that favors the class switching of antibodies, and considering the context of the patient's allergic asthma triggered by pollen exposure, both IL-13 and IL-4 are plausible candidates. However, IL-13 is more specifically linked to the class switching of antibodies from IgG to IgE, which is a key feature of allergic asthma.

**Answer: C**",2362
17,Mechanism,True,D,D,"Reasoning: Let's carefully analyze the scenario and each option provided.

The patient presented with symptoms of cyanosis and muscle hypotonia, which resolved quickly, and was diagnosed with a brief resolved unexplained event (BRUE). The pediatrician aims to identify risk factors for BRUE by comparing two groups of infants: those with BRUE and those without BRUE, while controlling for confounders such as age, socioeconomic background, and family history of medical illness.

**Option A: Blinding**
Blinding involves keeping certain aspects of the study hidden from participants and researchers to reduce bias. In this case, blinding would not directly address the issue of controlling for confounding variables like feeding problems and recent upper respiratory infections. Therefore, blinding is not the method used to control confounding bias in this study.

**Option B: Restriction**
Restriction involves limiting the study to only certain individuals who meet specific criteria. While this can help control for confounding variables, it does not necessarily ensure random allocation or balance between the groups. In this study, the pediatrician specifically recruited 75 infants with BRUE and 75 without BRUE, matching them on age, socioeconomic background, and family history of medical illness. This approach is more aligned with randomization than restriction.

**Option C: Randomization**
Randomization is the process of assigning subjects to different groups in a way that minimizes selection bias and ensures that both known and unknown factors are balanced between groups. In this study, the pediatrician matched the two groups on key confounders and then compared them. This method aligns closely with randomization, as it ensures that any differences observed between the groups are due to the presence of BRUE rather than other confounding factors.

**Option D: Matching**
Matching involves pairing subjects based on specific characteristics to control for confounding variables. Here, the pediatrician matched the two groups on age, socioeconomic background, and family history of medical illness before comparing them. This method is essentially a form of randomization where subjects are paired based on specific characteristics, ensuring that the groups are comparable.

Given the context, the method used to control confounding bias in the study is best described as **matching**, as it directly addresses the need to balance known confounders between the two groups.

Answer: D",2191
18,Treatment,False,A,B,"### Reasoning:

**Patient Presentation:**
- **Age:** 29 years old
- **Symptoms:** Central chest pain, sharp and severe, constant and unrelated to exertion, worsens when lying down and improves with leaning forward, radiates to shoulders and neck.
- **History:** Smokes 10 cigarettes/day for 7 years, occasional alcohol use.
- **Vital Signs:** Blood pressure 110/70 mm Hg, pulse 95/min, temperature 37.3°C (99.1°F).
- **Physical Exam:** Scratchy sound (friction rub) over the left sternal border at end-expiration with the patient leaning forward.
- **Imaging:** Normal chest X-ray.
- **ECG:** Not provided but implied to be normal or non-specific (since no specific ECG findings are mentioned).

**Diagnosis:**
The patient's symptoms and physical exam findings suggest acute pericarditis, given the presence of a scratchy sound (friction rub) over the left sternal border, which is characteristic of pericarditis. The scratchy sound worsens when the patient is lying down and improves when leaning forward, which is consistent with pericarditis. The radiating pain to the shoulders and neck is also common in pericarditis.

**Treatment Options:**

**Option A: Indomethacin +/- omeprazole**
- **Indomethacin** is a nonsteroidal anti-inflammatory drug (NSAID) that can reduce inflammation and pain associated with pericarditis.
- **Omeprazole** is a proton pump inhibitor (PPI) that reduces acid production, which can help prevent NSAIDs from causing gastric irritation.
- **Indomethacin** alone or with omeprazole is often used for treating pericarditis, especially if the condition is not severe or if there is concern about the risk of complications from more invasive procedures.

**Option B: Ibuprofen + colchicine +/- omeprazole**
- **Ibuprofen** is another NSAID that can reduce inflammation and pain.
- **Colchicine** is an anti-inflammatory medication that can be effective in reducing the inflammatory response in pericarditis, particularly in recurrent or refractory cases.
- **Omeprazole** can be added to protect the stomach lining from NSAID-induced irritation.
- While colchicine can be effective, it is typically reserved for recurrent or refractory cases of pericarditis rather than initial treatment.

**Option C: Pericardiocentesis**
- **Pericardiocentesis** involves aspirating fluid from the pericardium to relieve pressure and alleviate symptoms.
- This procedure is indicated in cases of large pericardial effusion with tamponade or in cases where there is suspicion of infection or malignancy.
- Given the patient's presentation, there is no indication for pericardiocentesis unless there is evidence of tamponade (which would present with hypotension, jugular venous distention, or muffled heart sounds).

**Option D: Pericardiectomy**
- **Pericardiectomy** is the surgical removal of the pericardium, typically used for constrictive pericarditis or recurrent pericarditis.
- This is an invasive procedure and is not indicated for the initial management of acute pericarditis.

**Conclusion:**
Given the patient's presentation and the absence of signs of tamponade or other indications for pericardiocentesis, the optimal therapy for this patient is **indomethacin** (or ibuprofen) with or without omeprazole to manage the inflammation and pain associated with pericarditis.

**Answer: A**",1572
19,Diagnosis,False,B,D,"Reasoning: 

1. **Patient's Symptoms and History**:
   - The patient is a 46-year-old man who was found on the floor in front of his apartment, indicating a sudden onset of altered mental status.
   - He is somnolent but responsive when aroused, suggesting a moderate level of consciousness impairment.
   - Physical examination reveals an alcoholic smell and slurred speech, consistent with ethanol intoxication.
   - Neurological examination shows diminished deep tendon reflexes bilaterally and an ataxic gait, which are classic signs of ethanol intoxication.
   - Pupils are normal, ruling out conditions like methanol or ethylene glycol poisoning where pupils might be constricted.
   - Blood alcohol concentration (BAC) is 0.04%, which is below the threshold for severe intoxication but still indicative of ethanol consumption.
   - An ECG shows no abnormalities, ruling out cardiac issues.

2. **Evaluation of Each Option**:
   - **Option A: Hypoglycemia**
     - Hypoglycemia typically presents with symptoms like headache, tiredness, and clumsiness, often with a blood glucose level below 70 mg/dL.
     - The patient’s somnolence and altered mental status could be related to hypoglycemia, but the presence of an alcoholic smell and slurred speech are more consistent with ethanol intoxication.
     - The BAC of 0.04% does not support hypoglycemia as the primary cause.
   - **Option B: Ethanol Intoxication**
     - The patient’s symptoms (altered mental status, somnolence, slurred speech, ataxic gait, and diminished deep tendon reflexes) are all consistent with ethanol intoxication.
     - The presence of an alcoholic smell and the BAC of 0.04% support this diagnosis.
     - Ethanol intoxication can cause somnolence, ataxia, and altered mental status, especially if the patient has consumed a significant amount of alcohol recently.
   - **Option C: Cannabis Intoxication**
     - Cannabis intoxication typically presents with euphoria, altered perception, and cognitive impairment.
     - While it can cause somnolence, the specific neurological findings (diminished deep tendon reflexes and ataxia) are more characteristic of ethanol intoxication.
     - The presence of an alcoholic smell and the BAC of 0.04% further rule out cannabis intoxication.
   - **Option D: Benzodiazepine Intoxication**
     - Benzodiazepine intoxication can cause sedation, confusion, and ataxia.
     - However, benzodiazepines do not typically cause an alcoholic smell or slurred speech, and the BAC of 0.04% is too low to be consistent with benzodiazepine intoxication.
     - The neurological findings (diminished deep tendon reflexes and ataxia) are more consistent with ethanol intoxication.

3. **Conclusion**:
   - The patient’s symptoms, including an alcoholic smell, slurred speech, ataxia, and altered mental status, are most consistent with ethanol intoxication.
   - The BAC of 0.04% supports this diagnosis, as even mild ethanol intoxication can cause these symptoms.

Answer: B",2144
20,Mechanism,False,D,C,"Reasoning: Let's analyze the patient's symptoms and history step-by-step and evaluate each option individually.

1. **Symptoms and History**:
   - The patient is a 77-year-old woman presenting with fever, malaise, and night sweats.
   - She has observed an enlargement of her axillary lymph nodes, which she examines weekly.
   - She has a remote history of breast cancer treated with radiation and chemotherapy.
   - She has a history of extensive travel to Africa and a 30-pack-year history of smoking.
   - Physical examination reveals several palpable axillary lymph nodes and a large non-tender palpable mass in the right axilla measuring 10 x 8 cm.
   - Fine-needle aspiration shows a centroblastic and immunoblastic cell presence, suspicious for non-Hodgkin’s lymphoma (NHL) – diffuse large B cell variant.

2. **Evaluation of Each Option**:
   
   **Option A: Travel to Africa**
   - While travel to Africa can increase the risk of certain infectious diseases like malaria or Kaposi sarcoma, which can present with lymphadenopathy, it is not a direct risk factor for developing NHL. The patient's presentation is more consistent with a primary lymphoma rather than an infection-related lymphadenopathy.
   
   **Option B: Axillary lymph node involvement**
   - Axillary lymph node involvement is a common finding in many types of lymphomas, including NHL. However, it is a symptom rather than a risk factor for developing the condition. The presence of lymphadenopathy alone does not indicate a specific risk factor for the development of NHL.
   
   **Option C: Previous radiation therapy**
   - Previous radiation therapy can increase the risk of developing secondary cancers, including lymphomas. However, the patient's history of radiation therapy is from her treatment for breast cancer, which occurred decades ago. This past exposure might contribute to the development of a secondary lymphoma but is not the current risk factor for the newly diagnosed NHL.
   
   **Option D: Previous breast cancer**
   - The patient has a history of breast cancer, which was treated with radiation and chemotherapy. Breast cancer survivors are at increased risk of developing secondary lymphomas, particularly non-Hodgkin’s lymphoma (NHL), due to the use of radiation therapy and chemotherapy. The use of these treatments can disrupt the immune system and increase the risk of developing lymphomas later in life.
   
3. **Conclusion**:
   - The most likely risk factor responsible for this patient’s condition is her previous breast cancer, which was treated with radiation and chemotherapy. This history increases her risk of developing secondary lymphomas, especially NHL.

Answer: D",2131
21,Mechanism,True,A,A,"Reasoning: 

The patient is a 3-month-old infant presenting with symptoms of coughing, difficulty breathing during feeding, and overall reduced energy levels. These symptoms suggest a potential underlying cardiac issue, given the presence of a high-pitched holosystolic murmur heard at the lower left sternal border. Let's evaluate each option in detail:

**Option A: 22q11 deletion**
- **DiGeorge Syndrome**: This condition, also known as 22q11.2 deletion syndrome, is characterized by a microdeletion on chromosome 22. It commonly includes congenital heart defects, such as tetralogy of Fallot, which can present with a holosystolic murmur and symptoms of respiratory distress and fatigue. The patient's symptoms align well with those of DiGeorge syndrome, especially given the presence of a holosystolic murmur.
- **Other Symptoms**: DiGeorge syndrome often includes other symptoms like developmental delays, immunodeficiency, and specific facial features, but these are not explicitly mentioned in the patient's history. However, the primary symptom of a holosystolic murmur and respiratory issues strongly suggests a cardiac etiology, which fits with DiGeorge syndrome.

**Option B: Deletion of genes on chromosome 7**
- **Genetic Deletion on Chromosome 7**: There is no known association between a deletion on chromosome 7 and the symptoms described in this patient. The patient's symptoms are more consistent with a known cardiac condition rather than a genetic deletion on chromosome 7.

**Option C: Lithium exposure in utero**
- **Lithium Exposure**: Lithium exposure during pregnancy is not typically associated with the symptoms described. While it can affect fetal development, the specific symptoms of respiratory distress and fatigue are not commonly linked to lithium exposure. Additionally, there is no mention of maternal use of lithium in the patient's history.

**Option D: Maternal alcohol consumption**
- **Maternal Alcohol Consumption**: Fetal alcohol spectrum disorders (FASDs) can cause various developmental issues, but they do not typically present with the specific symptoms of respiratory distress and fatigue during feeding, along with a holosystolic murmur. The patient's symptoms are more indicative of a congenital heart defect rather than a neurodevelopmental disorder related to alcohol exposure.

Given the patient's symptoms and the presence of a holosystolic murmur, the most likely cause of her symptoms is associated with a congenital heart defect, specifically a 22q11 deletion, which is characteristic of DiGeorge syndrome.

Answer: A",2601
22,Diagnosis,False,B,C,"### Reasoning:

**Patient's Symptoms and History:**
- **Dry cough and chest discomfort for 3 days.**
- **Headaches, muscle aches, joint pain, fever, and chills.**
- **Ten days ago, hiking in Mississippi.**
- **Asthma treated with albuterol inhaler.**
- **Mother has a lung disease treated with methotrexate.**
- **Smoked one pack of cigarettes daily for the past 10 years.**
- **Temperature: 38°C (100.4°F).**
- **Physical examination: Slight wheezes throughout both lung fields.**
- **Laboratory studies and urinalysis: Positive for polysaccharide antigen.**
- **Bronchoalveolar lavage using silver/PAS-staining: Macrophages filled with a dimorphic fungus with septate hyphae.**

**Analysis of Each Option:**

**Option A: Legionella pneumophila infection**
- **Symptoms:** Legionnaires' disease typically presents with fever, chills, cough, and sometimes gastrointestinal symptoms like nausea and diarrhea.
- **History:** While hiking in a region where Legionella could be present, the patient's symptoms are more consistent with a viral or fungal infection rather than bacterial.
- **Laboratory findings:** Polysaccharide antigen and dimorphic fungus with septate hyphae are not typical for Legionella.
- **Conclusion:** This option is less likely given the specific findings.

**Option B: Pneumocystis pneumonia (PCP)**
- **Symptoms:** Dry cough, chest discomfort, fever, chills, and general malaise.
- **History:** Travel to a region where PCP is common (Mississippi).
- **Laboratory findings:** Positive for polysaccharide antigen and dimorphic fungus with septate hyphae (consistent with Pneumocystis jirovecii).
- **Conclusion:** This option fits well with the clinical presentation and laboratory findings.

**Option C: Histoplasma capsulatum infection**
- **Symptoms:** Similar to PCP but often includes more severe respiratory symptoms and can present with a more chronic course.
- **History:** Travel to a region where Histoplasma is endemic (Mississippi).
- **Laboratory findings:** Dimorphic fungus with septate hyphae (consistent with Histoplasma).
- **Conclusion:** While possible, the presence of a dry cough and recent travel history make PCP more likely.

**Option D: Blastomyces dermatitidis infection**
- **Symptoms:** Similar to PCP and Histoplasma but often includes more severe respiratory symptoms and can present with a more chronic course.
- **History:** Travel to a region where Blastomyces is endemic (Mississippi).
- **Laboratory findings:** Dimorphic fungus with septate hyphae (consistent with Blastomyces).
- **Conclusion:** While possible, the presence of a dry cough and recent travel history make PCP more likely.

**Conclusion:**
Given the patient's recent travel history, the presence of a dry cough, fever, and the specific laboratory findings (polysaccharide antigen and dimorphic fungus with septate hyphae), the most likely cause of the patient's symptoms is Pneumocystis pneumonia (PCP).

**Answer: B**",2430
23,Mechanism,False,A,D,"### Reasoning:

**Patient's Symptoms and History:**
- A 62-year-old patient who recently had a stroke and is now developing a fever and purulent cough.
- Physical examination reveals basal crackles on the right side of the chest.
- Chest radiography shows new consolidation on the right side.
- Hemogram results indicate a leukocyte count of 8,900/mm³ with neutrophils at 72% and bands at 4%.

**Analysis of Each Option:**

**Option A: Streptococcus pneumoniae**
- **Likelihood:** Streptococcus pneumoniae is a common cause of community-acquired pneumonia, especially in elderly patients with underlying conditions like stroke.
- **Supporting Evidence:** The presence of fever, purulent cough, and consolidation on chest radiography are consistent with pneumococcal pneumonia.
- **Disadvantage:** The presence of bands (early immature neutrophils) suggests a more recent and acute infection, which aligns well with the rapid onset of symptoms after the stroke.

**Option B: Mycobacterium tuberculosis**
- **Likelihood:** Tuberculosis typically presents with chronic symptoms and is less likely to develop rapidly after a stroke.
- **Supporting Evidence:** While tuberculosis can cause pulmonary infiltrates, the rapid development of symptoms and the presence of bands do not strongly support this diagnosis.
- **Disadvantage:** The patient's recent history of a stroke and the acute nature of the current illness make tuberculosis less likely.

**Option C: Haemophilus influenzae**
- **Likelihood:** Haemophilus influenzae can cause pneumonia, particularly in immunocompromised individuals or those with underlying conditions.
- **Supporting Evidence:** The presence of fever, purulent cough, and consolidation could be consistent with Haemophilus influenzae pneumonia.
- **Disadvantage:** The presence of bands and the acute nature of the illness suggest a more recent and acute infection, which is more consistent with Streptococcus pneumoniae rather than Haemophilus influenzae.

**Option D: Staphylococcus aureus**
- **Likelihood:** Staphylococcus aureus can cause pneumonia, particularly in immunocompromised individuals or those with underlying conditions.
- **Supporting Evidence:** The presence of fever, purulent cough, and consolidation could be consistent with Staphylococcus aureus pneumonia.
- **Disadvantage:** The presence of bands and the acute nature of the illness suggest a more recent and acute infection, which is more consistent with Streptococcus pneumoniae rather than Staphylococcus aureus. Additionally, Staphylococcus aureus is more commonly associated with community-acquired pneumonia in younger individuals or those with specific risk factors, making it less likely in this case.

**Conclusion:**
The most likely causal microorganism is **Streptococcus pneumoniae** because the patient's recent history of a stroke, the presence of fever, purulent cough, and consolidation on chest radiography, along with the presence of bands, all strongly support this diagnosis.

**Answer: A**",2288
24,Treatment,True,A,A,"### Reasoning:

**Patient Presentation:**
- A 6-year-old boy with a history of asthma and eczema.
- Worsening wheezing and shortness of breath over the past day.
- No fever, cough, vomiting, or diarrhea.
- Uses a glucocorticoid inhaler and an albuterol inhaler.
- Missed medications for the past week while on vacation.
- Appears uncomfortable.
- Vital signs: Temperature 36°C (96.8°F), Pulse 120/min, Respirations 40/min, Blood Pressure 100/80.
- Physical exam: Expiratory and inspiratory wheezing throughout both lung fields, moderate intercostal and subcostal retractions, decreased inspiratory to expiratory ratio.
- Initial treatment: Nebulized albuterol and ipratropium, intravenous methylprednisolone.
- One hour later, the child is limp and lethargic.
- Vital signs: Temperature 36°C (96.8°F), Pulse 150/min, Respirations 22/min, Blood Pressure 100/70.
- No wheezing on repeat pulmonary examination.

**Analysis of Options:**

**Option A: Intubate with mechanical ventilation**
- **Reasoning:** The patient is now limp and lethargic, which could indicate severe hypoxemia or metabolic acidosis leading to altered mental status. The absence of wheezing suggests possible airway obstruction or other causes such as metabolic acidosis or sepsis. Intubation would be necessary if there is concern for airway compromise or if the patient cannot maintain adequate ventilation.
- **Why Incorrect:** While intubation might be necessary, it is not the first step. The patient’s current condition suggests a need for immediate stabilization before considering intubation.

**Option B: Perform needle thoracostomy at the 2nd intercostal space**
- **Reasoning:** Needle thoracostomy is typically used for pneumothorax or hemothorax. The absence of chest pain, trauma, or signs of pneumothorax makes this less likely.
- **Why Incorrect:** This procedure is not indicated based on the current presentation and history.

**Option C: Perform bronchoscopy**
- **Reasoning:** Bronchoscopy is used to visualize the airways and obtain samples for diagnosis. It is not an immediate life-saving intervention and would be more appropriate if there were persistent symptoms despite treatment or if there was suspicion of an obstructive lesion.
- **Why Incorrect:** The patient’s condition has improved significantly with initial treatment, and the absence of wheezing suggests that the airway is clear. Bronchoscopy is not the most urgent next step.

**Option D: Provide additional dose of methylprednisolone**
- **Reasoning:** The patient has already received methylprednisolone, and the improvement in symptoms (no wheezing) suggests that the initial dose was effective. Additional doses may be considered if the patient remains symptomatic, but given the current improvement, this is not the most urgent action.
- **Why Incorrect:** While additional methylprednisolone might be beneficial, it is not the most immediate and critical intervention needed in this scenario.

**Conclusion:**
Given the patient’s current state of being limp and lethargic, the most appropriate next step is to ensure adequate ventilation and oxygenation. Intubation with mechanical ventilation would be necessary if there is any concern for airway compromise or if the patient cannot maintain adequate ventilation.

**Answer: A**",2004
25,Mechanism,True,D,D,"Reasoning: Let's analyze the patient's symptoms and history first. The patient is a 5-year-old female who suffers from recurrent infections by Aspergillus species, Pseudomonas species, and Staphylococcus aureus. This indicates a primary immune defect affecting the ability of her immune system to fight off these pathogens effectively. Additionally, the patient's neutrophils fail to react during the nitroblue tetrazolium (NBT) test, which is indicative of a defect in the generation of the microbicidal respiratory burst.

Now, let's evaluate each option individually:

A: Immunoglobulin class switching - This process involves changing the constant region of the antibody heavy chain without altering the variable region. While it is crucial for the development of different classes of antibodies, it does not directly relate to the function of neutrophils or the ability to produce the microbicidal respiratory burst. Therefore, this option is unlikely to be the cause of the patient's symptoms.

B: Superoxide dismutase - Superoxide dismutase (SOD) is an enzyme that converts superoxide radicals into less harmful molecules like hydrogen peroxide and molecular oxygen. While SOD plays a role in protecting cells from oxidative damage, it is not directly involved in the production of the microbicidal respiratory burst. Therefore, this option is not the most likely cause of the patient's symptoms.

C: Myeloperoxidase - Myeloperoxidase (MPO) is a peroxidase enzyme found in neutrophils that produces hypohalous acids, such as hypochlorous acid, to kill bacteria and fungi. However, the patient's neutrophils fail to react during the NBT test, indicating a defect in the generation of the microbicidal respiratory burst, which is not directly related to MPO function. Therefore, this option is not the most likely cause of the patient's symptoms.

D: Respiratory burst - The respiratory burst refers to the production of reactive oxygen species (ROS) by neutrophils, which are essential for killing bacteria and fungi. The failure of the patient's neutrophils to react during the NBT test suggests a defect in the generation of these ROS, which is a hallmark of the respiratory burst. Therefore, this option is the most likely cause of the patient's symptoms.

Answer: D",1355
26,Mechanism,True,D,D,"### Reasoning:

**Patient Presentation:**
- **Symptoms:** Cough like a seal bark, high-pitched inspiratory noise (stridor), suprasternal and intercostal retractions, frequent barking cough, hoarse voice.
- **Physical Exam:** Sitting and leaning forward in respiratory distress, increased respiratory rate, high temperature.
- **History:** Worsening cough over the past few hours.

**Clinical Impression:**
The patient's presentation is highly suggestive of croup, a viral infection commonly caused by parainfluenza viruses. Key features include the characteristic ""seal-like"" barking cough, stridor, and respiratory distress, which are hallmarks of croup.

**Radiographic Findings:**
- **Steeple Sign:** The steeple sign is a specific radiological finding seen in croup, characterized by the narrowing of the subglottic trachea, giving it a shape resembling a church steeple. This sign is diagnostic of croup and is caused by edema and inflammation in the subglottic region.
- **Thumbprint Sign:** This sign refers to a specific appearance on a lateral view of the neck where the trachea appears flattened and the subglottic region is constricted, resembling a thumbprint. However, it is less commonly used than the steeple sign in the context of croup.
- **Increased Interstitial Markings:** These would typically be seen in conditions such as pneumonia or interstitial lung disease, not in croup.
- **Lobar Consolidation in the Lingual:** This finding would suggest bacterial pneumonia or other causes of lobar consolidation, which is not consistent with the clinical presentation of croup.

**Analysis of Options:**
- **Option A: Increased interstitial markings** – This finding is more indicative of interstitial lung disease or pneumonia rather than croup.
- **Option B: Lobar consolidation in the lingual** – This finding suggests a localized lung infection, which is not typical for croup.
- **Option C: Thumbprint sign** – While this is a radiological sign, it is less specific and less commonly used compared to the steeple sign in the context of croup.
- **Option D: Steeple sign** – This is the most specific and accurate radiological sign for croup, indicating the characteristic narrowing of the subglottic trachea.

**Conclusion:**
Given the patient's clinical presentation and the specific radiological findings, the chest X-ray is most likely to show the steeple sign.

**Answer: D**",1470
27,Mechanism,True,A,A,"Reasoning: 

1. **Patient History and Symptoms**:
   - The patient is a 26-year-old woman who has been taking oral contraceptives regularly but has experienced a missed period despite regular use.
   - She was recently diagnosed with pulmonary tuberculosis (TB) and started an anti-TB regimen including rifampin, isoniazid, pyrazinamide, and ethambutol.

2. **Evaluation of Each Option**:
   
   **Option A: Induction of CYP3A4 by rifampin leading to decreased serum levels of ethinylestradiol and progesterone**
   - Rifampin is known to induce the cytochrome P450 enzyme system, particularly CYP3A4. This induction can lead to increased metabolism of various drugs, including hormonal contraceptives like oral contraceptives containing ethinylestradiol and progesterone.
   - Ethinylestradiol and progesterone are metabolized by CYP3A4, and increased metabolism due to rifampin can lead to reduced serum levels of these hormones, potentially causing the contraceptive to fail.
   - This mechanism aligns well with the patient's situation where she is experiencing a missed period despite regular use of oral contraceptives.

   **Option B: Induction of CYP2A6 by rifampin leading to increased inactivation of ethinylestradiol**
   - Rifampin primarily induces CYP3A4 rather than CYP2A6. CYP2A6 is involved in the metabolism of some drugs but not typically associated with the metabolism of ethinylestradiol and progesterone in oral contraceptives.
   - Therefore, this option is less likely to be the primary mechanism for the failure of oral contraceptives in this patient.

   **Option C: Interference with the intestinal absorption of the oral contraceptive by pyrazinamide**
   - Pyrazinamide is an antibiotic used in TB treatment and is known to have no significant effect on the intestinal absorption of oral contraceptives.
   - Therefore, this option is not a plausible explanation for the failure of oral contraceptives in this patient.

   **Option D: Increased renal elimination of the progesterone component of the oral contraceptive by ethambutol**
   - Ethambutol is primarily known for its effects on the kidneys and is not a strong inducer of renal transporters that would significantly affect the elimination of progesterone.
   - Therefore, this option is not a plausible explanation for the failure of oral contraceptives in this patient.

3. **Conclusion**:
   - The most likely mechanism for the failure of oral contraceptives in this patient is the induction of CYP3A4 by rifampin, leading to increased metabolism and decreased serum levels of ethinylestradiol and progesterone.

Answer: A",1740
28,Diagnosis,True,D,D,"### Reasoning:

**Patient Presentation:**
- A 4-year-old boy with 4 days of intermittent vomiting and 5-6 daily loose stools.
- Bloody stools noted by the mother.
- Decreased oral intake of food and water over the last 24 hours.
- Fever (102.2°F or 39°C).
- Hypertension (140/90 mmHg).
- Tachycardia (120/min).
- Tachypnea (22/min).
- Dry mucous membranes.
- Diffuse abdominal tenderness without rebound or guarding.
- Hyperactive bowel sounds.
- Ultrasound of the right lower quadrant negative for appendicitis.
- Guaiac-positive stool.
- Lower extremity weakness and tingling.
- Lower extremity strength 3/5 with diminished patellar deep tendon reflexes.

**Key Points:**
- The patient’s symptoms suggest a gastrointestinal issue, possibly involving the small intestine given the bloody stools and diffuse abdominal tenderness.
- The presence of hypotension and tachycardia suggests a significant fluid loss and potential dehydration.
- The neurological symptoms (weakness and tingling) and diminished deep tendon reflexes suggest a possible neurologic involvement.

**Evaluation of Options:**

**Option A: Gram stain positive CSF**
- This finding would indicate bacterial meningitis, which is not consistent with the patient’s presentation of gastrointestinal symptoms and diffuse abdominal tenderness.
- The absence of meningeal signs (such as nuchal rigidity) and the lack of a clear neurological infection make this option unlikely.

**Option B: Peripheral eosinophilia**
- Eosinophilia can be seen in conditions such as parasitic infections (e.g., Strongyloides stercoralis) or allergic reactions.
- However, the patient’s symptoms are more consistent with a gastrointestinal issue rather than a parasitic infection or allergic reaction.
- The absence of other signs of parasitic infection (such as rash or eosinophilic enteritis) makes this option less likely.

**Option C: Xanthochromia on cerebrospinal fluid analysis**
- Xanthochromia indicates old blood in the cerebrospinal fluid, typically seen in subarachnoid hemorrhage or traumatic brain injury.
- The patient’s presentation does not suggest any head trauma or subarachnoid hemorrhage, making this option unlikely.

**Option D: Increased cerebrospinal fluid protein with normal cell count**
- This finding is more consistent with a central nervous system (CNS) condition such as Guillain-Barré syndrome (GBS).
- GBS can present with acute flaccid paralysis and autonomic dysfunction, which aligns with the patient’s symptoms of lower extremity weakness and tingling.
- The diffuse abdominal tenderness and hyperactive bowel sounds could be related to the systemic inflammatory response associated with GBS.
- The absence of other neurological signs (such as cranial nerve palsies or focal neurological deficits) and the presence of systemic symptoms support this diagnosis.

**Conclusion:**
The most likely lab finding in this patient is increased cerebrospinal fluid protein with a normal cell count, indicating a possible diagnosis of Guillain-Barré syndrome.

**Answer: D**",2111
29,Treatment,False,A,C,"### Reasoning:

**Patient Presentation:**
- A 3-week-old male newborn presents with an inward turning of the left forefoot.
- Born at 38 weeks' gestation via cesarean section due to breech presentation.
- Complicated pregnancy with oligohydramnios.
- Physical examination reveals:
  - Concavity of the medial border of the left foot with a skin crease just below the ball of the great toe.
  - Convexity of the lateral border of the left foot.
  - Neutral position of the heel.
  - Correction of the deformity when tickling the lateral border of the foot.
- X-ray shows an increased angle between the 1st and 2nd metatarsal bones.

**Diagnosis:**
The clinical presentation and findings suggest a congenital talipes equinovarus (clubfoot), also known as talipes calcaneovalgus. This condition involves the foot being turned inward and downward, often due to tightness in the Achilles tendon and the muscles on the inner side of the foot.

**Management Options:**

**Option A: Foot Abduction Brace**
- **Pros:** Early intervention with a foot abduction brace is a standard treatment for clubfoot in infants. It helps to gradually correct the deformity by keeping the foot in a corrected position.
- **Cons:** Not indicated if the deformity can be corrected manually or if the condition is mild.
- **Conclusion:** Given the patient's age and the potential for correction without surgery, a foot abduction brace is a reasonable first step.

**Option B: Arthrodesis of the Forefoot**
- **Pros:** This procedure involves fusing the bones of the forefoot to maintain a corrected position.
- **Cons:** This is an invasive surgical procedure typically reserved for severe cases that do not respond to non-surgical treatments. The patient is only 3 weeks old, and there is a high likelihood of successful non-surgical correction.
- **Conclusion:** This option is too aggressive and not necessary for a mild case.

**Option C: Reassurance**
- **Pros:** While reassurance might be appropriate for parents who are concerned about their child’s condition, it does not address the underlying deformity.
- **Cons:** The physical examination and imaging findings indicate a need for intervention to correct the deformity.
- **Conclusion:** Reassurance alone is insufficient and would likely lead to worsening of the condition if left untreated.

**Option D: Tarsometatarsal Capsulotomy**
- **Pros:** This procedure involves cutting the ligaments around the joint to allow for better alignment.
- **Cons:** This is a more invasive procedure typically used in older children or adults with persistent deformities. For a 3-week-old infant, this is not a suitable first-line treatment.
- **Conclusion:** This option is too invasive and not indicated for a mild case.

**Final Conclusion:**
Given the patient's age, the mild nature of the deformity, and the potential for non-surgical correction, the most appropriate next step is to initiate treatment with a foot abduction brace.

**Answer: A**",2311
